points,num_points,edge_lengths,area,perimeter,aspect_ratio,vertex_angles,is_convex,compactness,bounding_box_area,centroid,acute_angle_count,obtuse_angle_count
"[(np.float64(33.56321090258087), np.float64(102.8181401255857)), (np.float64(73.56321090258086), np.float64(102.8181401255857)), (np.float64(73.56321090258086), np.float64(82.81814012558569)), (np.float64(33.56321090258087), np.float64(82.81814012558569))]",4,"[39.99999999999999, 20.000000000000014, 39.99999999999999, 20.000000000000014]",800.0000000000005,120.00000000000001,1.9999999999999982,"[np.float64(90.0), np.float64(90.0), np.float64(90.0), np.float64(90.0)]",True,0.698131700797732,800.0000000000005,"(np.float64(53.56321090258086), np.float64(92.81814012558569))",0,0
"[(np.float64(84.18231222000031), np.float64(103.6237019433119)), (np.float64(174.1823122200003), np.float64(103.6237019433119)), (np.float64(174.1823122200003), np.float64(43.62370194331197)), (np.float64(84.18231222000031), np.float64(43.62370194331197))]",4,"[90.0, 59.99999999999993, 90.0, 59.99999999999993]",5399.999999999994,299.9999999999999,1.5000000000000018,"[np.float64(90.0), np.float64(90.0), np.float64(90.0), np.float64(90.0)]",True,0.7539822368615501,5399.999999999994,"(np.float64(129.1823122200003), np.float64(73.62370194331194))",0,0
"[(np.float64(50.4529156745998), np.float64(73.8988218128436)), (np.float64(65.4529156745998), np.float64(73.8988218128436)), (np.float64(65.4529156745998), np.float64(33.89882181284361)), (np.float64(50.4529156745998), np.float64(33.89882181284361))]",4,"[14.999999999999993, 39.999999999999986, 14.999999999999993, 39.999999999999986]",599.9999999999995,109.99999999999996,0.37499999999999994,"[np.float64(90.0), np.float64(90.0), np.float64(90.0), np.float64(90.0)]",True,0.6231258155880581,599.9999999999995,"(np.float64(57.952915674599794), np.float64(53.8988218128436))",0,0
