num_points,area,perimeter,aspect_ratio,compactness,bounding_box_area,centroid_x,centroid_y,acute_angle_count,obtuse_angle_count,predicted_label
36,312.47456589761487,62.747516232403456,0.9989930665413146,0.9973129497559018,398.792896139188,40.27777777777777,40.00000000000001,2,34,circle
5,900.0,120.0,1.0,0.7853981633974483,900.0,112.0,42.0,2,0,square
5,800.0,120.0,2.0,0.6981317007977318,800.0,76.0,98.0,2,0,rectangle
4,389.7000000000007,89.9986799854797,1.1547344110854503,0.6045997878829774,779.4000000000001,151.25,106.495,4,0,rectangle
6,534.9692904160238,88.16778784387097,0.9510565162951536,0.8648062659772099,774.2148302650353,72.5,50.0,2,4,circle
