num_points,area,perimeter,aspect_ratio,compactness,bounding_box_area,centroid_x,centroid_y,acute_angle_count,obtuse_angle_count,predicted_label,final_label
36,54.44875460171397,26.192875473644936,0.9989930665413131,0.9973129497558922,69.4897406334965,83.62217372850448,60.91095464468223,2,34,circle,circle
4,99.86626175353922,39.97327420878544,1.0000002465901037,0.7853969528001368,99.99997534099457,102.46720980992599,62.51241975678222,2,2,circle,square
