num_points,area,perimeter,aspect_ratio,compactness,bounding_box_area,centroid_x,centroid_y,acute_angle_count,obtuse_angle_count,predicted_label,final_label
36,17.647423272025208,14.911792578465501,0.9989930665413151,0.9973129497558962,22.522367591194676,59.54182713522021,58.45814556482329,2,34,circle,circle
3,62.94266098645653,36.51097761513204,1.3345538725618273,0.5933460286206237,128.24801790425457,86.40907847787145,52.69024171436809,3,0,rectangle,rectangle
4,35.24170673202207,23.776174784956268,1.1062748674862584,0.7833986655809131,35.241706732021505,102.36586081390863,56.60152409839851,0,0,rectangle,rectangle
4,73.41470090227631,64.81374746926043,12.223300304341892,0.21961329725577294,73.41470090227673,81.3668343728132,46.01878200151149,0,0,rectangle,rectangle
