num_points,area,perimeter,aspect_ratio,is_convex,compactness,bounding_box_area,centroid_x,centroid_y,acute_angle_count,obtuse_angle_count
36,2812.2710930785265,188.24254869721028,0.9989930665413148,1,0.9973129497559,3589.136065252691,0.8333333333333337,2.164367986009108e-15,0,36
