num_points,area,perimeter,aspect_ratio,is_convex,compactness,bounding_box_area,centroid_x,centroid_y,acute_angle_count,obtuse_angle_count
4,4875.773199957184,324.0,2.246036773904216,1,0.5836645810682628,8138.302277712804,13.400210442466244,30.09736543183447,2,2
