num_points,area,perimeter,aspect_ratio,is_convex,compactness,bounding_box_area,centroid_x,centroid_y,acute_angle_count,obtuse_angle_count
36,8052.285253218055,440.1222245295935,4.118953932609533,0,0.522375039166223,10276.657709549032,212.03239791805703,85.52745802012168,0,34
