num_points,area,perimeter,aspect_ratio,is_convex,compactness,bounding_box_area,centroid_x,centroid_y,acute_angle_count,obtuse_angle_count
36,10877.23963889595,370.2103457711802,0.9989930665413146,1,0.9973129497559006,13881.980714605132,1.6388888888888844,-1.733679635937376e-15,0,36
