points,num_points,edge_lengths,area,perimeter,aspect_ratio,vertex_angles,is_convex,compactness,bounding_box_area,centroid_x,centroid_y,acute_angle_count,obtuse_angle_count
"[(45.5022302421869, 61.38428548883791), (145.5022302421869, 61.38428548883791), (95.50223024218693, 147.9868258672818)]",3,"[100.0, 100.0, 100.00000000000001]",4330.127018922195,300.0,1.1547005383792515,"[59.999999999999986, 60.00000000000002, 59.99999999999999]",True,0.6045997880780728,8660.254037844388,95.5022302421869,90.2517989483192,3,0
