num_points,area,perimeter,aspect_ratio,is_convex,compactness,bounding_box_area,centroid_x,centroid_y,acute_angle_count,obtuse_angle_count
4,562.7388399477998,116.0,2.6050890646938014,1,0.5255339493072682,980.9352969501588,3.724400030577783,9.702393792203445,2,2
