num_points,area,perimeter,aspect_ratio,is_convex,compactness,bounding_box_area,centroid_x,centroid_y,acute_angle_count,obtuse_angle_count
4,749.9999999999993,172.36067977499783,7.999999999999997,1,0.31724495974861394,799.9999999999998,96.2516673003556,68.37971849817313,2,2
