num_points,area,perimeter,aspect_ratio,is_convex,compactness,bounding_box_area,centroid_x,centroid_y,acute_angle_count,obtuse_angle_count
4,5026.017591303615,324.0,2.1445069205095586,1,0.6016498987064663,8256.679425060163,14.467101807695157,31.02479994631861,2,2
