num_points,area,perimeter,aspect_ratio,is_convex,compactness,bounding_box_area,centroid_x,centroid_y,acute_angle_count,obtuse_angle_count
4,2675.321371718619,240.0,2.246036773904216,1,0.5836645810682626,4465.460783381512,9.926081809234255,22.294344764321828,2,2
