num_points,area,perimeter,aspect_ratio,is_convex,compactness,bounding_box_area,centroid_x,centroid_y,acute_angle_count,obtuse_angle_count
36,4049.6703740330763,225.8910584366523,0.9989930665413148,1,0.9973129497559001,5168.355933963875,0.999999999999998,-2.288475490443934e-17,0,36
