num_points,area,perimeter,aspect_ratio,is_convex,compactness,bounding_box_area,centroid_x,centroid_y,acute_angle_count,obtuse_angle_count
5,5589.831074513552,285.0,0.9510565162951535,1,0.8648062659772097,8089.679527584152,-1.0658141036401502e-15,2.842170943040401e-15,0,5
