num_points,area,perimeter,aspect_ratio,is_convex,compactness,bounding_box_area,centroid_x,centroid_y,acute_angle_count,obtuse_angle_count
4,5044.059871022238,344.0,2.5386478956643077,1,0.5356402594331579,8733.051728883069,11.551790830375667,29.325929482687435,2,2
