num_points,area,perimeter,aspect_ratio,is_convex,compactness,bounding_box_area,centroid_x,centroid_y,acute_angle_count,obtuse_angle_count
36,2112.3280654678706,163.14354220424892,0.9989930665413146,1,0.9973129497558998,2695.8399779009105,0.7222222222222208,-2.7557991762129826e-16,0,36
