num_points,area,perimeter,aspect_ratio,is_convex,compactness,bounding_box_area,centroid_x,centroid_y,acute_angle_count,obtuse_angle_count
12,2649.999999999997,222.42640687119274,0.999999999999999,0,0.6731053547983702,3599.9999999999964,95.94775762336575,94.2226866562496,0,12
