num_points,area,perimeter,aspect_ratio,is_convex,compactness,bounding_box_area,centroid_x,centroid_y,acute_angle_count,obtuse_angle_count
4,20435.385976291233,680.0000000000001,2.414213562373094,1,0.5553603672697958,40858.26933471725,197.5683586261694,163.98855625398195,2,2
