num_points,area,perimeter,aspect_ratio,is_convex,compactness,bounding_box_area,centroid_x,centroid_y,acute_angle_count,obtuse_angle_count
7,6250.000000000003,341.4213562373095,2.999999999999999,1,0.6737651055658093,7500.000000000002,169.26887967477316,89.07779753652325,0,5
