num_points,area,perimeter,aspect_ratio,is_convex,compactness,bounding_box_area,centroid_x,centroid_y,acute_angle_count,obtuse_angle_count
16,2400.0000000000023,273.1370849898476,1.0000000000000002,0,0.4042590633394858,6400.000000000001,87.77514202709608,84.39964832293572,0,9
