points,num_points,edge_lengths,area,perimeter,aspect_ratio,vertex_angles,is_convex,compactness,bounding_box_area,centroid_x,centroid_y,acute_angle_count,obtuse_angle_count
"[(40.53286266827536, 161.2415583646772), (198.7062024077297, 98.94232405423688), (354.6038545840635, 166.7355541432867), (196.4305148446091, 229.0347884537271)]",4,"[169.99999999999997, 170.00000000000003, 170.00000000000009, 170.0]",20435.385976291233,680.0000000000001,2.414213562373094,"[45.00000000000004, 135.0, 45.0, 134.99999999999994]",True,0.5553603672697958,40858.26933471725,197.5683586261694,163.98855625398195,2,2
