num_points,area,perimeter,aspect_ratio,is_convex,compactness,bounding_box_area,centroid_x,centroid_y,acute_angle_count,obtuse_angle_count
4,503.1088971201362,92.0,1.3763819204711738,1,0.7469580411853889,658.5780963514953,7.946304564688105,10.937149937394265,2,2
