center_x,center_y,radius,diameter,circumference,area
60.32149518840197,57.92184779285648,20.0,40.0,125.66370614359172,1256.6370614359173
115.4909465833177,56.38926763660132,15.0,30.0,94.24777960769379,706.8583470577034
