num_points,area,perimeter,aspect_ratio,is_convex,compactness,bounding_box_area,centroid_x,centroid_y,acute_angle_count,obtuse_angle_count
4,3000.0000000000005,379.9982399806396,9.232000000000001,1,0.2610766001535361,3692.8,129.71569565916602,51.55158827945001,2,2
