num_points,area,perimeter,aspect_ratio,is_convex,compactness,bounding_box_area,centroid_x,centroid_y,acute_angle_count,obtuse_angle_count
36,11627.178597050215,382.75984901766094,0.9989930665413147,1,0.9973129497558995,14839.08366533918,1.6944444444444409,-2.0433462958279437e-15,0,36
