num_points,area,perimeter,aspect_ratio,is_convex,compactness,bounding_box_area,centroid_x,centroid_y,acute_angle_count,obtuse_angle_count
36,703.0677732696316,94.12127434860514,0.9989930665413148,1,0.9973129497559,897.2840163131727,0.41666666666666685,1.082183993004554e-15,0,36
