num_points,area,perimeter,aspect_ratio,is_convex,compactness,bounding_box_area,centroid_x,centroid_y,acute_angle_count,obtuse_angle_count
8,12599.999999999989,409.7056274847712,0.9999999999999993,1,0.9432711477921328,14399.999999999984,280.9564170362955,121.36203434692834,0,8
