num_points,area,perimeter,aspect_ratio,is_convex,compactness,bounding_box_area,centroid_x,centroid_y,acute_angle_count,obtuse_angle_count
36,4512.13273156155,238.4405616831332,0.9989930665413145,1,0.9973129497558991,5758.569420249873,1.0555555555555527,-2.627012332353664e-15,0,36
