num_points,area,perimeter,aspect_ratio,is_convex,compactness,bounding_box_area,centroid_x,centroid_y,acute_angle_count,obtuse_angle_count
5,1075.2983753681042,124.99999999999999,0.9510565162951536,1,0.86480626597721,1556.1864280517373,-1.7763568394002506e-16,0.0,0,5
