num_points,area,perimeter,aspect_ratio,is_convex,compactness,bounding_box_area,centroid_x,centroid_y,acute_angle_count,obtuse_angle_count
8,11200.0,386.2741699796952,1.0000000000000002,1,0.9432711477921325,14400.000000000002,170.2022637908449,122.8590789176119,0,8
