num_points,area,perimeter,aspect_ratio,is_convex,compactness,bounding_box_area,centroid_x,centroid_y,acute_angle_count,obtuse_angle_count
4,1287.720708883002,164.0,2.1445069205095586,1,0.6016498987064663,2115.451625289763,7.322854001425944,15.70391108393905,2,2
