num_points,area,perimeter,aspect_ratio,is_convex,compactness,bounding_box_area,centroid_x,centroid_y,acute_angle_count,obtuse_angle_count
4,2799.999999999995,239.9999999999999,2.500000000000002,1,0.6108652381980149,3999.999999999995,171.0533166702062,82.14817921453411,2,2
