num_points,area,perimeter,aspect_ratio,is_convex,compactness,bounding_box_area,centroid_x,centroid_y,acute_angle_count,obtuse_angle_count
5,5399.999999999997,294.1640786499873,1.7142857142857146,1,0.7841955018613855,8399.999999999995,249.40977652125707,91.15343439852481,2,3
