num_points,area,perimeter,aspect_ratio,is_convex,compactness,bounding_box_area,centroid_x,centroid_y,acute_angle_count,obtuse_angle_count
36,4277.776807138339,232.16581005989266,0.9989930665413147,1,0.9973129497559007,5459.4747481454815,1.0277777777777777,-2.023897076191712e-16,0,36
