center_x,center_y,radius,diameter,circumference,area
30.78829261809864,40.04879248166173,23.0,46.0,144.51326206513048,1661.9025137490005
