num_points,area,perimeter,aspect_ratio,is_convex,compactness,bounding_box_area,centroid_x,centroid_y,acute_angle_count,obtuse_angle_count
4,2536.9784680349076,220.0,1.8417708860334578,1,0.6586903237598308,3918.715972719341,12.522426537086757,23.06344061849916,2,2
