num_points,area,perimeter,aspect_ratio,is_convex,compactness,bounding_box_area,centroid_x,centroid_y,acute_angle_count,obtuse_angle_count
3,388.48423391432505,98.0,1.9576084010856358,1,0.5083128760102883,776.9684678286501,23.786324786324787,6.640756135287607,3,0
