num_points,area,perimeter,aspect_ratio,is_convex,compactness,bounding_box_area,centroid_x,centroid_y,acute_angle_count,obtuse_angle_count
36,9452.355618402828,345.11133927821913,0.9989930665413147,1,0.9973129497558987,12063.485108210432,1.5277777777777795,9.087267509384895e-16,0,36
