num_points,area,perimeter,aspect_ratio,is_convex,compactness,bounding_box_area,centroid_x,centroid_y,acute_angle_count,obtuse_angle_count
4,3967.2753651016706,308.0,2.6050890646938014,1,0.5255339493072682,6915.535523920917,9.888924219120325,25.761528344816043,2,2
