num_points,area,perimeter,aspect_ratio,is_convex,compactness,bounding_box_area,centroid_x,centroid_y,acute_angle_count,obtuse_angle_count
12,3549.9999999999927,302.42640687119274,0.3333333333333329,0,0.48775170679290325,4799.999999999992,104.02492827590504,102.05065265483063,0,12
