num_points,area,perimeter,aspect_ratio,is_convex,compactness,bounding_box_area,centroid_x,centroid_y,acute_angle_count,obtuse_angle_count
8,250.00000000000068,172.36067977499792,0.5000000000000001,0,0.10574831991620492,1800.0000000000005,56.927929276987925,60.987568391087734,4,4
