num_points,area,perimeter,aspect_ratio,is_convex,compactness,bounding_box_area,centroid_x,centroid_y,acute_angle_count,obtuse_angle_count
36,3402.8480226250163,207.06680356693127,0.9989930665413145,1,0.9973129497559002,4342.854638955756,0.9166666666666643,-2.592994365710682e-15,0,36
