points,num_points,edge_lengths,area,perimeter,aspect_ratio,vertex_angles,is_convex,compactness,bounding_box_area,centroid_x,centroid_y,acute_angle_count,obtuse_angle_count
"[(40.49746629176979, 142.2433419129368), (40.49746629176977, 22.24334191293678), (160.4974662917697, 22.24334191293678)]",3,"[120.00000000000003, 119.99999999999994, 169.70562748477136]",7199.999999999997,409.7056274847713,0.9999999999999993,"[44.999999999999964, 89.99999999999999, 45.000000000000014]",True,0.5390120844526474,14399.999999999996,80.49746629176975,62.24334191293679,3,0
