points,num_points,edge_lengths,area,perimeter,aspect_ratio,vertex_angles,is_convex,compactness,bounding_box_area,centroid_x,centroid_y,acute_angle_count,obtuse_angle_count
"[(38.86605430672444, 73.9826953043796), (88.84936886749425, 75.27430883757597), (63.84936886749426, 118.5755790267979)]",3,"[49.99999999999999, 49.999999999999986, 51.114491928644775]",1098.315673539336,151.11449192864475,1.1208809654900513,"[59.25987762758116, 61.48024474483769, 59.25987762758116]",True,0.6044004995794618,2228.900134269465,63.85493068057099,89.27752772291781,3,0
