num_points,area,perimeter,aspect_ratio,is_convex,compactness,bounding_box_area,centroid_x,centroid_y,acute_angle_count,obtuse_angle_count
8,8399.999999999996,344.2220510185595,0.6666666666666669,1,0.8908647482324283,9599.999999999998,276.3936046600047,118.76873896451343,0,8
