num_points,area,perimeter,aspect_ratio,is_convex,compactness,bounding_box_area,centroid_x,centroid_y,acute_angle_count,obtuse_angle_count
36,1012.4175935082691,112.94552921832614,0.9989930665413148,1,0.9973129497559001,1292.0889834909688,0.499999999999999,-1.144237745221967e-17,0,36
