num_points,area,perimeter,aspect_ratio,is_convex,compactness,bounding_box_area,centroid_x,centroid_y,acute_angle_count,obtuse_angle_count
4,5999.99999999999,319.9999999999999,1.6666666666666665,1,0.736310778185107,5999.999999999994,124.74150169014703,95.02713830524492,0,0
