num_points,area,perimeter,aspect_ratio,is_convex,compactness,bounding_box_area,centroid_x,centroid_y,acute_angle_count,obtuse_angle_count
4,9848.077530122076,399.9999999999999,1.1917535925942102,1,0.7734662005153562,11558.17824675042,130.4722048957334,122.6877402514084,2,2
