num_points,area,perimeter,aspect_ratio,is_convex,compactness,bounding_box_area,centroid_x,centroid_y,acute_angle_count,obtuse_angle_count
4,23999.999999999993,639.9999999999999,1.6666666666666667,1,0.7363107781851078,23999.999999999993,135.00168754888114,81.94393017522741,0,0
