num_points,area,perimeter,aspect_ratio,is_convex,compactness,bounding_box_area,centroid_x,centroid_y,acute_angle_count,obtuse_angle_count
8,1199.999999999999,272.1110255092799,2.0000000000000044,0,0.20365676079725228,1799.9999999999986,115.31453375532328,108.80412334971332,4,0
