points,num_points,edge_lengths,area,perimeter,aspect_ratio,vertex_angles,is_convex,compactness,bounding_box_area,centroid_x,centroid_y,acute_angle_count,obtuse_angle_count
"[(6.619977088719451, 42.48321526103706), (46.61997708871945, 42.48321526103706), (46.61997708871945, 22.48321526103706), (6.619977088719451, 22.48321526103706)]",4,"[40.0, 20.0, 40.0, 20.0]",800.0,120.0,2.0,"[90.0, 90.0, 90.0, 90.0]",True,0.6981317007977318,800.0,26.619977088719452,32.48321526103706,0,0
