num_points,area,perimeter,aspect_ratio,is_convex,compactness,bounding_box_area,centroid_x,centroid_y,acute_angle_count,obtuse_angle_count
5,1548.4296605300701,150.0,0.9510565162951535,1,0.8648062659772099,2240.9084563945025,-1.7763568394002506e-16,7.105427357601002e-16,0,5
