num_points,area,perimeter,aspect_ratio,is_convex,compactness,bounding_box_area,centroid_x,centroid_y,acute_angle_count,obtuse_angle_count
4,4187.255947507318,264.0,1.3270448216204098,1,0.7549731705342722,5341.420105007237,23.90396725803903,31.721635965964524,2,2
