num_points,area,perimeter,aspect_ratio,is_convex,compactness,bounding_box_area,centroid_x,centroid_y,acute_angle_count,obtuse_angle_count
8,374.9999999999999,180.70604573364363,0.5000000000000001,0,0.1443097806203954,1799.9999999999998,45.39072366418259,46.10596304580758,4,3
