num_points,area,perimeter,aspect_ratio,is_convex,compactness,bounding_box_area,centroid_x,centroid_y,acute_angle_count,obtuse_angle_count
3,919.5080206284226,170.0,3.308290881379148,1,0.39982278789247677,1839.0160412568453,42.93162393162393,7.859042911354039,2,1
