num_points,area,perimeter,aspect_ratio,is_convex,compactness,bounding_box_area,centroid_x,centroid_y,acute_angle_count,obtuse_angle_count
8,4200.0,252.11102550927976,1.8000000000000005,1,0.8303773154462452,4499.999999999999,191.2389527430669,87.22905266221551,0,8
