num_points,area,perimeter,aspect_ratio,is_convex,compactness,bounding_box_area,centroid_x,centroid_y,acute_angle_count,obtuse_angle_count
4,706.9999999999998,139.99395954391113,4.536067892503537,1,0.45332605769041284,906.9395999999999,52.82940794447479,19.31348593798537,2,2
