num_points,area,perimeter,aspect_ratio,is_convex,compactness,bounding_box_area,centroid_x,centroid_y,acute_angle_count,obtuse_angle_count
36,9799.202386549181,351.3860909014593,0.9989930665413147,1,0.9973129497559,12506.145222924932,1.5555555555555538,4.578339477598306e-16,0,36
