num_points,area,perimeter,aspect_ratio,is_convex,compactness,bounding_box_area,centroid_x,centroid_y,acute_angle_count,obtuse_angle_count
4,3741.8821945040936,256.0,1.539864963814583,1,0.7174969246125802,5263.842797081797,18.984427421574395,29.233454644563228,2,2
