num_points,area,perimeter,aspect_ratio,is_convex,compactness,bounding_box_area,centroid_x,centroid_y,acute_angle_count,obtuse_angle_count
4,1415.8803630553439,184.0,2.605089064693802,1,0.525533949307268,2468.0845283549775,5.907669014019934,15.390003946253739,2,2
