num_points,area,perimeter,aspect_ratio,is_convex,compactness,bounding_box_area,centroid_x,centroid_y,acute_angle_count,obtuse_angle_count
4,968.2110214137003,128.0,1.401948294476336,1,0.7426085527338747,1283.4296967804373,10.790909528685493,15.128297209589068,2,2
