num_points,area,perimeter,aspect_ratio,is_convex,compactness,bounding_box_area,centroid_x,centroid_y,acute_angle_count,obtuse_angle_count
36,10152.298646013482,357.6608425246998,0.9989930665413146,1,0.9973129497558988,12956.781195562215,1.5833333333333328,-2.164161659130246e-15,0,36
