num_points,area,perimeter,aspect_ratio,is_convex,compactness,bounding_box_area,centroid_x,centroid_y,acute_angle_count,obtuse_angle_count
8,474.9999999999998,216.21763418897285,0.7692307692307693,0,0.1276795229940395,3249.9999999999986,56.200596846669214,58.23264518713767,4,4
