num_points,area,perimeter,aspect_ratio,is_convex,compactness,bounding_box_area,centroid_x,centroid_y,acute_angle_count,obtuse_angle_count
5,172.0477400588967,50.0,0.9510565162951536,1,0.86480626597721,248.98982848827805,-4.440892098500626e-16,3.552713678800501e-16,0,5
