num_points,area,perimeter,aspect_ratio,is_convex,compactness,bounding_box_area,centroid_x,centroid_y,acute_angle_count,obtuse_angle_count
4,4304.403289206718,324.0,2.6746214939268245,1,0.5152675564494577,7552.97768871344,9.934262000977732,26.570390674115544,2,2
