num_points,area,perimeter,aspect_ratio,is_convex,compactness,bounding_box_area,centroid_x,centroid_y,acute_angle_count,obtuse_angle_count
36,6902.563160678298,294.91332629229623,0.9989930665413146,1,0.9973129497558997,8809.33507571466,1.305555555555552,2.7888555825064073e-15,0,36
