num_points,area,perimeter,aspect_ratio,is_convex,compactness,bounding_box_area,centroid_x,centroid_y,acute_angle_count,obtuse_angle_count
9,3774.9999999999964,240.10656568112736,0.5499999999999993,1,0.822846352038487,5499.999999999993,117.0846245056588,76.27226398324072,0,9
