num_points,area,perimeter,aspect_ratio,is_convex,compactness,bounding_box_area,centroid_x,centroid_y,acute_angle_count,obtuse_angle_count
5,4130.866238814109,245.0,0.9510565162951538,1,0.8648062659772099,5978.245782003555,-1.4210854715202005e-15,-1.4210854715202005e-15,0,5
