num_points,area,perimeter,aspect_ratio,is_convex,compactness,bounding_box_area,centroid_x,centroid_y,acute_angle_count,obtuse_angle_count
36,4999.593054361826,250.99006492961365,0.9989930665413146,1,0.9973129497559008,6380.686338227008,1.1111111111111098,3.446468360923418e-16,0,36
