points,num_points,edge_lengths,area,perimeter,aspect_ratio,vertex_angles,is_convex,compactness,bounding_box_area,centroid_x,centroid_y,acute_angle_count,obtuse_angle_count
"[(26.22968808447581, 126.3295610050903), (26.22968808447579, 26.32956100509029), (126.2296880844758, 26.32956100509029)]",3,"[100.0, 100.0, 141.42135623730948]",5000.000000000001,341.4213562373095,1.0,"[45.00000000000001, 89.99999999999999, 45.00000000000001]",True,0.5390120844526473,10000.0,59.56302141780913,59.66289433842363,3,0
