num_points,area,perimeter,aspect_ratio,is_convex,compactness,bounding_box_area,centroid_x,centroid_y,acute_angle_count,obtuse_angle_count
4,1644.2661168335271,164.0,1.2348971565350517,1,0.7682353291479515,1986.1282653387373,16.23781033823593,20.052025815043013,2,2
