num_points,area,perimeter,aspect_ratio,is_convex,compactness,bounding_box_area,centroid_x,centroid_y,acute_angle_count,obtuse_angle_count
36,3140.330522034761,407.8217700778734,10.039756065102363,0,0.237270865105263,4007.8190047854173,200.65206684544344,70.85556358338818,0,34
