num_points,area,perimeter,aspect_ratio,is_convex,compactness,bounding_box_area,centroid_x,centroid_y,acute_angle_count,obtuse_angle_count
4,7651.09847003571,356.0,1.3032253728412055,1,0.7586363699455969,9631.348470035711,32.98255249293783,42.98369926986354,2,2
