num_points,area,perimeter,aspect_ratio,is_convex,compactness,bounding_box_area,centroid_x,centroid_y,acute_angle_count,obtuse_angle_count
4,9087.328958609083,396.0,1.4825609685127403,1,0.7282084965085216,12491.5023030434,30.956973625912354,45.89560080105598,2,2
