num_points,area,perimeter,aspect_ratio,is_convex,compactness,bounding_box_area,centroid_x,centroid_y,acute_angle_count,obtuse_angle_count
5,3640.530179646254,230.0,0.9510565162951538,1,0.86480626597721,5268.624770811963,-7.105427357601002e-16,-1.4210854715202005e-15,0,5
