num_points,area,perimeter,aspect_ratio,is_convex,compactness,bounding_box_area,centroid_x,centroid_y,acute_angle_count,obtuse_angle_count
36,6327.609959426682,282.36382304581554,0.9989930665413146,1,0.9973129497558987,8075.556146818555,1.2499999999999987,-4.541914364035259e-16,0,36
