num_points,area,perimeter,aspect_ratio,is_convex,compactness,bounding_box_area,centroid_x,centroid_y,acute_angle_count,obtuse_angle_count
36,3050.6304712886777,203.37793414176113,0.6408296725030423,0,0.9268123340869954,3893.3401097812143,634.0963356718165,332.5233931198889,0,34
