num_points,area,perimeter,aspect_ratio,is_convex,compactness,bounding_box_area,centroid_x,centroid_y,acute_angle_count,obtuse_angle_count
6,7747.500000000003,329.99779997579947,0.9680542110358173,1,0.8940243752809287,10330.000000000002,228.661678232218,115.74889765932555,0,6
