points,num_points,edge_lengths,area,perimeter,aspect_ratio,vertex_angles,is_convex,compactness,bounding_box_area,centroid_x,centroid_y,acute_angle_count,obtuse_angle_count
"[(33.56321090258087, 102.8181401255857), (73.56321090258086, 102.8181401255857), (73.56321090258086, 82.81814012558569), (33.56321090258087, 82.81814012558569)]",4,"[39.99999999999999, 20.000000000000014, 39.99999999999999, 20.000000000000014]",800.0000000000005,120.00000000000001,1.9999999999999982,"[90.0, 90.0, 90.0, 90.0]",True,0.698131700797732,800.0000000000005,53.56321090258086,92.81814012558569,0,0
"[(84.18231222000031, 103.6237019433119), (174.1823122200003, 103.6237019433119), (174.1823122200003, 43.62370194331197), (84.18231222000031, 43.62370194331197)]",4,"[90.0, 59.99999999999993, 90.0, 59.99999999999993]",5399.999999999994,299.9999999999999,1.5000000000000018,"[90.0, 90.0, 90.0, 90.0]",True,0.7539822368615501,5399.999999999994,129.1823122200003,73.62370194331194,0,0
"[(50.4529156745998, 73.8988218128436), (65.4529156745998, 73.8988218128436), (65.4529156745998, 33.89882181284361), (50.4529156745998, 33.89882181284361)]",4,"[14.999999999999993, 39.999999999999986, 14.999999999999993, 39.999999999999986]",599.9999999999995,109.99999999999996,0.37499999999999994,"[90.0, 90.0, 90.0, 90.0]",True,0.6231258155880581,599.9999999999995,57.952915674599794,53.8988218128436,0,0
