num_points,area,perimeter,aspect_ratio,is_convex,compactness,bounding_box_area,centroid_x,centroid_y,acute_angle_count,obtuse_angle_count
36,7814.167995011861,313.76067389156935,0.9999999999999999,1,0.9974602317917258,9999.999999999998,122.29104951454717,138.4137320519934,0,36
