num_points,area,perimeter,aspect_ratio,is_convex,compactness,bounding_box_area,centroid_x,centroid_y,acute_angle_count,obtuse_angle_count
3,12599.999999999998,562.3810483097154,1.5873015873015874,1,0.500632517932153,25199.999999999996,97.87348643298778,56.585656576294696,2,0
