num_points,area,perimeter,aspect_ratio,is_convex,compactness,bounding_box_area,centroid_x,centroid_y,acute_angle_count,obtuse_angle_count
3,36346.116869990576,873.1560845877802,1.2882864946272246,1,0.5990790235771721,75751.24588408084,245.52815925130633,347.911348642541,3,0
