num_points,area,perimeter,aspect_ratio,is_convex,compactness,bounding_box_area,centroid_x,centroid_y,acute_angle_count,obtuse_angle_count
36,13202.050409174204,407.8588555106223,0.9989930665413146,1,0.9973129497559009,16848.99986188069,1.8055555555555491,8.242177648486904e-15,0,36
