num_points,area,perimeter,aspect_ratio,is_convex,compactness,bounding_box_area,centroid_x,centroid_y,acute_angle_count,obtuse_angle_count
10,3274.999999999992,362.2826450611677,0.8737864077669908,0,0.31356393690755757,9269.999999999995,128.42788430208776,93.63974861561022,5,5
