num_points,area,perimeter,aspect_ratio,is_convex,compactness,bounding_box_area,centroid_x,centroid_y,acute_angle_count,obtuse_angle_count
4,16056.383250663883,520.0,1.3809344639737957,1,0.7461925394010038,21065.98717366755,100.42017645931095,124.50935803926942,2,2
