num_points,area,perimeter,aspect_ratio,is_convex,compactness,bounding_box_area,centroid_x,centroid_y,acute_angle_count,obtuse_angle_count
10,2256.0000000000005,285.11033439929435,1.1428571428571415,0,0.3487570860608292,5599.999999999993,141.64787453233748,87.49740941311151,5,5
