num_points,area,perimeter,aspect_ratio,is_convex,compactness,bounding_box_area,centroid_x,centroid_y,acute_angle_count,obtuse_angle_count
8,3749.9999999999977,253.6798190914308,1.6666666666666654,0,0.7322667138132289,5999.999999999998,119.10388524510742,89.85666922889868,0,8
