points,num_points,edge_lengths,area,perimeter,aspect_ratio,vertex_angles,is_convex,compactness,bounding_box_area,centroid_x,centroid_y,acute_angle_count,obtuse_angle_count
"[(25.89787922693063, 125.3349495774187), (26.82167341254022, 25.33921664694495), (56.82167341254022, 25.33921664694495)]",3,"[99.99999999999999, 30.0, 104.66817878962341]",1499.9359939571063,234.66817878962343,0.3092511378171573,"[16.654980471655882, 90.52930260833307, 72.81571692001103]",True,0.3422742167272583,3092.2474645811535,36.51374201733702,58.671127623769536,2,1
