num_points,area,perimeter,aspect_ratio,is_convex,compactness,bounding_box_area,centroid_x,centroid_y,acute_angle_count,obtuse_angle_count
12,6799.999999999994,399.99999999999994,1.0608648720526261,0,0.5340707511102646,12612.813611314468,158.39456260990372,117.76686991015826,7,3
