num_points,area,perimeter,aspect_ratio,is_convex,compactness,bounding_box_area,centroid_x,centroid_y,acute_angle_count,obtuse_angle_count
36,449.9633748925645,75.29701947888412,0.9989930665413148,1,0.9973129497559003,574.2617704404305,0.3333333333333337,-2.6668029071401627e-16,0,36
