num_points,area,perimeter,aspect_ratio,is_convex,compactness,bounding_box_area,centroid_x,centroid_y,acute_angle_count,obtuse_angle_count
36,1652.9904535983778,144.31928733452787,0.9989930665413145,1,0.9973129497558999,2109.614420576304,0.6388888888888876,5.343227909868245e-16,0,36
