center_x,center_y,radius,diameter,circumference,area
40.12405965581456,40.82613606847082,30.0,60.0,188.49555921538757,2827.4333882308138
