num_points,area,perimeter,aspect_ratio,is_convex,compactness,bounding_box_area,centroid_x,centroid_y,acute_angle_count,obtuse_angle_count
3,17449.630097852,602.9381340901085,1.0478333065877459,1,0.6031850707653061,35485.59562578009,223.42284078931607,348.0678265787599,3,0
