num_points,area,perimeter,aspect_ratio,is_convex,compactness,bounding_box_area,centroid_x,centroid_y,acute_angle_count,obtuse_angle_count
36,3002.8805782760733,194.51730032045077,0.9989930665413146,1,0.9973129497558991,3832.3997318975953,0.8611111111111099,-7.53687094114343e-16,0,36
