num_points,area,perimeter,aspect_ratio,is_convex,compactness,bounding_box_area,centroid_x,centroid_y,acute_angle_count,obtuse_angle_count
36,3827.8134322457704,219.61630681341217,0.9989930665413146,1,0.9973129497558979,4885.212977705051,0.9722222222222227,-9.53602826814864e-16,0,36
