num_points,area,perimeter,aspect_ratio,is_convex,compactness,bounding_box_area,centroid_x,centroid_y,acute_angle_count,obtuse_angle_count
36,12798.958219166267,401.5841038873821,0.9989930665413147,1,0.9973129497558988,16334.557025861137,1.7777777777777763,3.561372915620393e-15,0,36
