num_points,area,perimeter,aspect_ratio,is_convex,compactness,bounding_box_area,centroid_x,centroid_y,acute_angle_count,obtuse_angle_count
4,2400.000000000001,211.23105625617663,2.0000000000000004,1,0.6759359796570419,3200.0000000000005,70.53866742759419,44.54795287644083,2,2
