num_points,area,perimeter,aspect_ratio,is_convex,compactness,bounding_box_area,centroid_x,centroid_y,acute_angle_count,obtuse_angle_count
4,4445.813570937582,320.0,2.475086853416296,1,0.5455834083471607,7643.864217398689,11.226407986453951,27.78633481835989,2,2
