num_points,area,perimeter,aspect_ratio,is_convex,compactness,bounding_box_area,centroid_x,centroid_y,acute_angle_count,obtuse_angle_count
5,5943.798499999997,293.8850930893152,1.0514096185737978,1,0.8648062642026474,8601.794999999998,124.4383809867634,74.6168867111148,0,5
