num_points,area,perimeter,aspect_ratio,is_convex,compactness,bounding_box_area,centroid_x,centroid_y,acute_angle_count,obtuse_angle_count
10,3124.9999999999977,301.44892768201703,1.4285714285714277,0,0.43214789217855937,6999.999999999996,139.50761830203803,92.66738129719711,4,5
