num_points,area,perimeter,aspect_ratio,is_convex,compactness,bounding_box_area,centroid_x,centroid_y,acute_angle_count,obtuse_angle_count
5,5787.685975581285,290.0,0.9510565162951535,1,0.86480626597721,8376.017830345672,-3.552713678800501e-15,1.4210854715202005e-15,0,5
