num_points,area,perimeter,aspect_ratio,is_convex,compactness,bounding_box_area,centroid_x,centroid_y,acute_angle_count,obtuse_angle_count
36,5777.654723446888,269.8143197993347,0.9989930665413147,1,0.9973129497559008,7373.680649613583,1.1944444444444429,-3.0804478860772607e-15,0,36
