num_points,area,perimeter,aspect_ratio,is_convex,compactness,bounding_box_area,centroid_x,centroid_y,acute_angle_count,obtuse_angle_count
36,24703.283477720892,697.7830245079197,3.1590934569867035,1,0.6375639409033668,31527.346662370037,191.9039128248695,113.9351894043343,0,36
