num_points,area,perimeter,aspect_ratio,is_convex,compactness,bounding_box_area,centroid_x,centroid_y,acute_angle_count,obtuse_angle_count
4,3833.469735494513,272.0,1.880726465346332,1,0.6511245868722085,5977.118807252926,14.987441281994608,28.187277466871418,2,2
