num_points,area,perimeter,aspect_ratio,is_convex,compactness,bounding_box_area,centroid_x,centroid_y,acute_angle_count,obtuse_angle_count
3,7199.999999999997,409.7056274847713,0.9999999999999993,1,0.5390120844526474,14399.999999999996,80.49746629176975,62.24334191293679,3,0
