points,num_points,edge_lengths,area,perimeter,aspect_ratio,vertex_angles,is_convex,compactness,bounding_box_area,centroid_x,centroid_y,acute_angle_count,obtuse_angle_count
"[(81.0100799902894, 68.85006893057096), (126.0100799902894, 68.85006893057096), (126.0100799902894, 23.85006893057096), (81.0100799902894, 23.85006893057096)]",4,"[45.0, 45.0, 45.0, 45.0]",2025.0,180.0,1.0,"[90.0, 90.0, 90.0, 90.0]",True,0.7853981633974483,2025.0,103.5100799902894,46.350068930570956,0,0
"[(144.8691822625751, 75.4940343823994), (204.8691822625751, 75.4940343823994), (204.8691822625751, 15.4940343823994), (144.8691822625751, 15.4940343823994)]",4,"[60.0, 60.00000000000001, 60.0, 60.00000000000001]",3600.0,240.0,0.9999999999999999,"[90.0, 90.0, 90.0, 90.0]",True,0.7853981633974483,3600.0000000000005,174.8691822625751,45.494034382399406,0,0
