num_points,area,perimeter,aspect_ratio,is_convex,compactness,bounding_box_area,centroid_x,centroid_y,acute_angle_count,obtuse_angle_count
5,621.092341612617,95.0,0.9510565162951535,1,0.8648062659772099,898.8532808426838,-3.552713678800501e-16,3.552713678800501e-16,0,5
