num_points,area,perimeter,aspect_ratio,is_convex,compactness,bounding_box_area,centroid_x,centroid_y,acute_angle_count,obtuse_angle_count
5,4849.999999999998,267.54015007895305,0.8888888888888896,1,0.8514784676490601,7199.999999999996,125.21295219538528,73.23172102204724,0,5
