num_points,area,perimeter,aspect_ratio,is_convex,compactness,bounding_box_area,centroid_x,centroid_y,acute_angle_count,obtuse_angle_count
3,2110.4136887112913,215.0,1.2973759669233094,1,0.573720726056526,4220.827377422583,44.304054054054056,19.01273593433596,3,0
