num_points,area,perimeter,aspect_ratio,is_convex,compactness,bounding_box_area,centroid_x,centroid_y,acute_angle_count,obtuse_angle_count
5,3100.0000000000146,214.96238880355173,1.3333333333333353,1,0.8430369278914067,4800.000000000007,620.2432651544532,337.8415855083167,0,5
