num_points,area,perimeter,aspect_ratio,is_convex,compactness,bounding_box_area,centroid_x,centroid_y,acute_angle_count,obtuse_angle_count
7,799.9999999999968,193.13708498984727,1.0,0,0.26950604222632346,1599.9999999999943,100.80181688884636,100.80181688884636,4,1
