points,num_points,edge_lengths,area,perimeter,aspect_ratio,vertex_angles,is_convex,compactness,bounding_box_area,centroid_x,centroid_y,acute_angle_count,obtuse_angle_count
"[(46.26436262084107, 137.6179846925022), (136.5739924164482, 102.2178326281341), (160.6548671929509, 196.1811843669817), (70.3452373973438, 231.5813364313498)]",4,"[96.99999999999997, 97.0, 96.99999999999994, 96.99999999999999]",9338.262138820943,387.9999999999999,0.8842563876912116,"[97.03014565852801, 82.96985434147197, 97.03014565852803, 82.969854341472]",True,0.7794934566004782,14797.95647326589,103.45961490689598,166.89958452974196,2,2
