num_points,area,perimeter,aspect_ratio,is_convex,compactness,bounding_box_area,centroid_x,centroid_y,acute_angle_count,obtuse_angle_count
4,1101.0227067164797,140.0,1.6003345290410502,1,0.7059111932359269,1583.679293300597,9.828504931191144,15.728895810235423,2,2
