num_points,area,perimeter,aspect_ratio,is_convex,compactness,bounding_box_area,centroid_x,centroid_y,acute_angle_count,obtuse_angle_count
36,3199.7395547915667,200.79205194369106,0.9989930665413147,1,0.9973129497558988,4083.6392564652842,0.8888888888888882,1.7806864578101967e-15,0,36
