num_points,area,perimeter,aspect_ratio,is_convex,compactness,bounding_box_area,centroid_x,centroid_y,acute_angle_count,obtuse_angle_count
10,3420.000000000001,365.7319670476683,1.0434782608695652,0,0.32129955679752276,8832.0,124.74016305685859,81.08587583122359,5,5
