num_points,area,perimeter,aspect_ratio,is_convex,compactness,bounding_box_area,centroid_x,centroid_y,acute_angle_count,obtuse_angle_count
3,15820.09624402124,648.0437597467776,1.8543102233779925,1,0.4733804512447486,31640.192488042474,104.31535786278248,108.31604505815004,2,0
