center_x,center_y,radius,diameter,circumference,area
37.53079095364535,37.45764734444225,32.00064272612721,64.00128545225442,201.0659681971058,3217.120106329219
