num_points,area,perimeter,aspect_ratio,is_convex,compactness,bounding_box_area,centroid_x,centroid_y,acute_angle_count,obtuse_angle_count
4,14999.999999999996,500.0,1.5000000000000004,1,0.7539822368615501,14999.999999999996,115.6780791393303,87.9554161317108,0,0
