num_points,area,perimeter,aspect_ratio,is_convex,compactness,bounding_box_area,centroid_x,centroid_y,acute_angle_count,obtuse_angle_count
5,11650.158099999997,411.44465873566895,1.0514096185737976,1,0.8648062616380832,16859.5182,310.1423760569848,178.3899648507378,0,5
