num_points,area,perimeter,aspect_ratio,is_convex,compactness,bounding_box_area,centroid_x,centroid_y,acute_angle_count,obtuse_angle_count
36,1799.853499570258,150.59403895776825,0.9989930665413148,1,0.9973129497559003,2297.047081761722,0.6666666666666674,-5.333605814280325e-16,0,36
