num_points,area,perimeter,aspect_ratio,is_convex,compactness,bounding_box_area,centroid_x,centroid_y,acute_angle_count,obtuse_angle_count
5,5204.444136781624,275.0,0.9510565162951535,1,0.8648062659772099,7531.94231177041,-1.0658141036401502e-15,1.4210854715202005e-15,0,5
