num_points,area,perimeter,aspect_ratio,is_convex,compactness,bounding_box_area,centroid_x,centroid_y,acute_angle_count,obtuse_angle_count
4,1941.0000000000023,400.00667177743696,15.324574961360119,1,0.15244069822098097,2566.0020000000013,151.8787682235583,54.66756613463443,2,2
