num_points,area,perimeter,aspect_ratio,is_convex,compactness,bounding_box_area,centroid_x,centroid_y,acute_angle_count,obtuse_angle_count
36,2813.100478204273,188.25640433494166,1.0000000000000002,1,0.9974602317917263,3599.9999999999995,102.00402833094229,62.74131766317969,0,36
