num_points,area,perimeter,aspect_ratio,is_convex,compactness,bounding_box_area,centroid_x,centroid_y,acute_angle_count,obtuse_angle_count
8,249.99999999999955,132.62405524956372,1.3333333333333341,0,0.17860979263804716,1200.0000000000002,62.10525093983233,51.68500064828277,4,4
