num_points,area,perimeter,aspect_ratio,is_convex,compactness,bounding_box_area,centroid_x,centroid_y,acute_angle_count,obtuse_angle_count
5,1761.768858203102,160.0,0.9510565162951534,1,0.8648062659772099,2549.655843719967,-1.4210854715202005e-15,7.105427357601002e-16,0,5
