num_points,area,perimeter,aspect_ratio,is_convex,compactness,bounding_box_area,centroid_x,centroid_y,acute_angle_count,obtuse_angle_count
36,2278.611387345459,169.43076390144748,1.0000000000000002,1,0.9974602317917258,2915.9999999999995,49.97848021639435,41.0852505974072,0,36
