num_points,area,perimeter,aspect_ratio,is_convex,compactness,bounding_box_area,centroid_x,centroid_y,acute_angle_count,obtuse_angle_count
16,6349.999999999997,376.5685424949237,0.6666666666666661,0,0.5627240989871178,9599.999999999995,96.20198836400594,64.68438129069818,0,16
