num_points,area,perimeter,aspect_ratio,is_convex,compactness,bounding_box_area,centroid_x,centroid_y,acute_angle_count,obtuse_angle_count
5,337.2135705154375,70.0,0.9510565162951535,1,0.8648062659772098,488.02006383702496,-1.7763568394002506e-16,3.552713678800501e-16,0,5
