points,num_points,edge_lengths,area,perimeter,aspect_ratio,vertex_angles,is_convex,compactness,bounding_box_area,centroid_x,centroid_y,acute_angle_count,obtuse_angle_count
"[(17.69228645176986, 53.13407566044356), (67.69228645176986, 53.13407566044356), (67.69228645176986, 3.134075660443556), (17.69228645176986, 3.134075660443556)]",4,"[50.0, 50.0, 50.0, 50.0]",2500.0,200.0,1.0,"[90.0, 90.0, 90.0, 90.0]",True,0.7853981633974483,2500.0,42.69228645176986,28.134075660443557,0,0
