num_points,area,perimeter,aspect_ratio,is_convex,compactness,bounding_box_area,centroid_x,centroid_y,acute_angle_count,obtuse_angle_count
4,14999.999999999998,500.0,1.5000000000000002,1,0.7539822368615503,14999.999999999998,136.5948387943381,74.03203296355281,0,0
