num_points,area,perimeter,aspect_ratio,is_convex,compactness,bounding_box_area,centroid_x,centroid_y,acute_angle_count,obtuse_angle_count
7,399.99999999999955,129.4427190999915,0.5000000000000006,0,0.29999540371608163,799.9999999999991,73.65144055403756,100.94698049257046,3,2
