num_points,area,perimeter,aspect_ratio,is_convex,compactness,bounding_box_area,centroid_x,centroid_y,acute_angle_count,obtuse_angle_count
36,7502.514327201719,307.46282953877693,0.9989930665413147,1,0.9973129497558998,9575.0174363019,1.3611111111111083,3.3180240967770684e-15,0,36
