num_points,area,perimeter,aspect_ratio,is_convex,compactness,bounding_box_area,centroid_x,centroid_y,acute_angle_count,obtuse_angle_count
4,149.99999999999991,49.999999999999986,0.6666666666666666,1,0.7539822368615503,149.99999999999991,7.531086825922802,9.912635539288111,0,0
