num_points,area,perimeter,aspect_ratio,is_convex,compactness,bounding_box_area,centroid_x,centroid_y,acute_angle_count,obtuse_angle_count
36,11249.084372314106,376.48509739442056,0.9989930665413148,1,0.9973129497559,14356.544261010764,1.6666666666666674,4.328735972018216e-15,0,36
