num_points,area,perimeter,aspect_ratio,is_convex,compactness,bounding_box_area,centroid_x,centroid_y,acute_angle_count,obtuse_angle_count
5,2752.763840942347,200.0,0.9510565162951536,1,0.86480626597721,3983.837255812449,-1.7763568394002505e-15,1.4210854715202005e-15,0,5
