num_points,area,perimeter,aspect_ratio,is_convex,compactness,bounding_box_area,centroid_x,centroid_y,acute_angle_count,obtuse_angle_count
4,6768.76869939929,376.0,2.1445069205095586,1,0.6016498987064665,11119.649352207227,16.788982344732645,36.00408882659197,2,2
