num_points,area,perimeter,aspect_ratio,is_convex,compactness,bounding_box_area,centroid_x,centroid_y,acute_angle_count,obtuse_angle_count
4,2133.730150272552,188.0,1.3032253728412058,1,0.7586363699455968,2685.980150272552,17.417752440090766,22.699256917793104,2,2
