num_points,area,perimeter,aspect_ratio,is_convex,compactness,bounding_box_area,centroid_x,centroid_y,acute_angle_count,obtuse_angle_count
4,6859.843640080404,348.0,1.5696855771174905,1,0.7118124714113906,9758.938835064175,25.116105614279576,39.42438873609427,2,2
