num_points,area,perimeter,aspect_ratio,is_convex,compactness,bounding_box_area,centroid_x,centroid_y,acute_angle_count,obtuse_angle_count
36,7811.864147440349,313.7375811620174,0.9989930665413146,1,0.997312949755898,9969.822403479697,1.3888888888888866,-1.8698202781355916e-15,0,36
