num_points,area,perimeter,aspect_ratio,is_convex,compactness,bounding_box_area,centroid_x,centroid_y,acute_angle_count,obtuse_angle_count
36,612.4501491593238,87.84652272536482,0.9989930665413147,1,0.9973129497559,781.6340764328082,0.38888888888888845,1.1445848693995766e-16,0,36
