points,num_points,edge_lengths,area,perimeter,aspect_ratio,vertex_angles,is_convex,compactness,bounding_box_area,centroid_x,centroid_y,acute_angle_count,obtuse_angle_count
"[(115.2714807995026, 268.2654368785168), (372.0315348893033, 113.1065678964228), (522.0315348893032, 372.9141890317544)]",3,"[300.0, 299.99999999999994, 420.00607487317046]",44991.024601482146,1020.0060748731705,1.5656201781622208,"[45.57218368035228, 88.85563263929541, 45.57218368035231]",True,0.5434132593829264,105679.36202594991,336.44485019270303,251.428731268898,3,0
