num_points,area,perimeter,aspect_ratio,is_convex,compactness,bounding_box_area,centroid_x,centroid_y,acute_angle_count,obtuse_angle_count
8,8749.999999999995,341.42135623730934,1.0000000000000007,1,0.943271147792133,9999.99999999999,162.6158743360893,110.46419351832033,0,8
