num_points,area,perimeter,aspect_ratio,is_convex,compactness,bounding_box_area,centroid_x,centroid_y,acute_angle_count,obtuse_angle_count
36,8777.410556063984,332.5618360317381,0.9989930665413147,1,0.9973129497559009,11202.092452549787,1.4722222222222223,-4.0613338618327986e-15,0,36
