num_points,area,perimeter,aspect_ratio,is_convex,compactness,bounding_box_area,centroid_x,centroid_y,acute_angle_count,obtuse_angle_count
4,532.6952694381441,104.0,2.050303841579296,1,0.6189021986201587,860.6552249194309,4.996400820766443,10.244139796887387,2,2
