num_points,area,perimeter,aspect_ratio,is_convex,compactness,bounding_box_area,centroid_x,centroid_y,acute_angle_count,obtuse_angle_count
36,5512.0513424339115,263.53956817609446,0.9989930665413147,1,0.9973129497558993,7034.706687895273,1.1666666666666647,1.2932329374436181e-15,0,36
