num_points,area,perimeter,aspect_ratio,is_convex,compactness,bounding_box_area,centroid_x,centroid_y,acute_angle_count,obtuse_angle_count
8,7071.999999999991,306.16692963153275,1.0,1,0.9480594208445814,9999.999999999995,240.05781726085348,110.23635362522381,0,8
