num_points,area,perimeter,aspect_ratio,is_convex,compactness,bounding_box_area,centroid_x,centroid_y,acute_angle_count,obtuse_angle_count
36,10004.067332401612,359.1143234100807,1.279335343479612,1,0.9748123331645124,12767.602294924369,284.2288464507684,110.50636896509471,0,36
