num_points,area,perimeter,aspect_ratio,is_convex,compactness,bounding_box_area,centroid_x,centroid_y,acute_angle_count,obtuse_angle_count
5,990.9949827392447,120.0,0.9510565162951533,1,0.8648062659772097,1434.1814120924812,-1.7763568394002506e-16,7.105427357601002e-16,0,5
