points,num_points,edge_lengths,area,perimeter,aspect_ratio,vertex_angles,is_convex,compactness,bounding_box_area,centroid_x,centroid_y,acute_angle_count,obtuse_angle_count
"[(83.93291066738448, 414.1736618333757), (256.3257835432673, 193.5366355173022), (396.3257835432673, 436.0237485769451)]",3,"[280.0, 280.00000000000006, 313.15608458778024]",36346.116869990576,873.1560845877802,1.2882864946272246,"[55.99900545391128, 68.00198909217745, 55.99900545391127]",True,0.5990790235771721,75751.24588408084,245.52815925130633,347.911348642541,3,0
