num_points,area,perimeter,aspect_ratio,is_convex,compactness,bounding_box_area,centroid_x,centroid_y,acute_angle_count,obtuse_angle_count
3,1499.9359939571063,234.66817878962343,0.3092511378171573,1,0.3422742167272583,3092.2474645811535,36.51374201733702,58.671127623769536,2,1
