num_points,area,perimeter,aspect_ratio,is_convex,compactness,bounding_box_area,centroid_x,centroid_y,acute_angle_count,obtuse_angle_count
3,331.2226403795486,193.0,6.150696696534729,1,0.11174169655228368,1459.7800413482646,45.91860465116279,5.1352347345666445,2,1
