num_points,area,perimeter,aspect_ratio,is_convex,compactness,bounding_box_area,centroid_x,centroid_y,acute_angle_count,obtuse_angle_count
36,12011.522313104293,389.03460064090154,0.9989930665413146,1,0.9973129497558991,15329.598927590381,1.7222222222222199,-1.507374188228686e-15,0,36
