num_points,area,perimeter,aspect_ratio,is_convex,compactness,bounding_box_area,centroid_x,centroid_y,acute_angle_count,obtuse_angle_count
5,910.1325449115635,115.0,0.9510565162951538,1,0.86480626597721,1317.1561927029907,-3.552713678800501e-16,-7.105427357601002e-16,0,5
