num_points,area,perimeter,aspect_ratio,is_convex,compactness,bounding_box_area,centroid_x,centroid_y,acute_angle_count,obtuse_angle_count
3,1098.315673539336,151.11449192864475,1.1208809654900513,1,0.6044004995794618,2228.900134269465,63.85493068057099,89.27752772291781,3,0
