num_points,area,perimeter,aspect_ratio,is_convex,compactness,bounding_box_area,centroid_x,centroid_y,acute_angle_count,obtuse_angle_count
3,908.514412378802,175.0,3.5222336117060635,1,0.3727911449612659,1817.028824757604,47.322916666666664,7.570953436490018,2,1
