num_points,area,perimeter,aspect_ratio,is_convex,compactness,bounding_box_area,centroid_x,centroid_y,acute_angle_count,obtuse_angle_count
8,15909.000000000002,459.20709402185855,1.0000000000000007,1,0.9480594437595231,22500.000000000022,189.73798960067757,137.96014820517684,0,8
