num_points,area,perimeter,aspect_ratio,is_convex,compactness,bounding_box_area,centroid_x,centroid_y,acute_angle_count,obtuse_angle_count
36,6288.429335281226,315.79757682319547,2.2338164058373504,1,0.7923817465690483,8025.5522224011365,196.37630802840562,90.69550644820495,0,36
