num_points,area,perimeter,aspect_ratio,is_convex,compactness,bounding_box_area,centroid_x,centroid_y,acute_angle_count,obtuse_angle_count
4,368.2019413809761,80.0,1.510835193614901,1,0.7229628212999839,512.0699014487063,6.092688715107264,9.205048534524403,2,2
