num_points,area,perimeter,aspect_ratio,is_convex,compactness,bounding_box_area,centroid_x,centroid_y,acute_angle_count,obtuse_angle_count
4,859.0754182518677,136.0,2.246036773904216,1,0.5836645810682627,1433.9090737747297,5.624779691899409,12.633462033115702,2,2
