num_points,area,perimeter,aspect_ratio,is_convex,compactness,bounding_box_area,centroid_x,centroid_y,acute_angle_count,obtuse_angle_count
36,1128.0331828903875,119.2202808415666,0.9989930665413145,1,0.9973129497558991,1439.6423550624681,0.5277777777777763,-1.313506166176832e-15,0,36
