num_points,area,perimeter,aspect_ratio,is_convex,compactness,bounding_box_area,centroid_x,centroid_y,acute_angle_count,obtuse_angle_count
12,4124.999999999998,262.22042581612266,0.6999999999999998,0,0.7538774976158135,6999.999999999996,84.84760693461186,61.29067893405681,1,11
