points,num_points,edge_lengths,area,perimeter,aspect_ratio,vertex_angles,is_convex,compactness,bounding_box_area,centroid_x,centroid_y,acute_angle_count,obtuse_angle_count
"[(2.531086825922805, 17.41263553928811), (12.5310868259228, 17.41263553928811), (12.5310868259228, 2.412635539288114), (2.531086825922805, 2.412635539288114)]",4,"[9.999999999999996, 14.999999999999996, 9.999999999999996, 14.999999999999996]",149.99999999999991,49.999999999999986,0.6666666666666666,"[90.0, 90.0, 90.0, 90.0]",True,0.7539822368615503,149.99999999999991,7.531086825922802,9.912635539288111,0,0
