num_points,area,perimeter,aspect_ratio,is_convex,compactness,bounding_box_area,centroid_x,centroid_y,acute_angle_count,obtuse_angle_count
4,5964.453394049279,348.0,2.050303841579296,1,0.6189021986201586,9636.537570140788,16.71872582333387,34.27846778189241,2,2
