num_points,area,perimeter,aspect_ratio,is_convex,compactness,bounding_box_area,centroid_x,centroid_y,acute_angle_count,obtuse_angle_count
8,1768.000000000001,153.08346481576643,1.0000000000000002,1,0.9480594208445823,2499.999999999999,196.7978996858904,85.94801309933001,0,8
