num_points,area,perimeter,aspect_ratio,is_convex,compactness,bounding_box_area,centroid_x,centroid_y,acute_angle_count,obtuse_angle_count
4,5071.275000000001,307.5045763086437,1.9186595087034326,1,0.6739440740820817,7249.7717999999995,99.7640284928543,48.52448786603266,2,2
