num_points,area,perimeter,aspect_ratio,is_convex,compactness,bounding_box_area,centroid_x,centroid_y,acute_angle_count,obtuse_angle_count
4,1143.6360224590721,140.0,1.4550090286724449,1,0.7332323523547086,1553.478518853873,11.228560882957243,16.33765746370103,2,2
