num_points,area,perimeter,aspect_ratio,is_convex,compactness,bounding_box_area,centroid_x,centroid_y,acute_angle_count,obtuse_angle_count
5,440.4422145507755,80.0,0.9510565162951534,1,0.8648062659772099,637.4139609299917,-7.105427357601002e-16,3.552713678800501e-16,0,5
