num_points,area,perimeter,aspect_ratio,is_convex,compactness,bounding_box_area,centroid_x,centroid_y,acute_angle_count,obtuse_angle_count
4,1941.0000000000014,400.00667177743696,15.324574961360128,1,0.1524406982209809,2566.0019999999995,186.27458222698252,55.08158827945001,2,2
