num_points,area,perimeter,aspect_ratio,is_convex,compactness,bounding_box_area,centroid_x,centroid_y,acute_angle_count,obtuse_angle_count
3,4330.127018922195,300.0,1.1547005383792515,1,0.6045997880780728,8660.254037844388,95.5022302421869,90.2517989483192,3,0
