num_points,area,perimeter,aspect_ratio,is_convex,compactness,bounding_box_area,centroid_x,centroid_y,acute_angle_count,obtuse_angle_count
6,10500.000000000004,424.3908891458578,2.5714285714285716,1,0.7326002446559846,12600.000000000002,246.78306447670911,97.16268710994791,0,6
