num_points,area,perimeter,aspect_ratio,is_convex,compactness,bounding_box_area,centroid_x,centroid_y,acute_angle_count,obtuse_angle_count
36,3612.205981776421,213.34155519017182,0.9989930665413146,1,0.9973129497558992,4610.045879369011,0.9444444444444431,1.1502887019168058e-15,0,36
