num_points,area,perimeter,aspect_ratio,is_convex,compactness,bounding_box_area,centroid_x,centroid_y,acute_angle_count,obtuse_angle_count
5,4652.170891192567,260.0,0.9510565162951536,1,0.86480626597721,6732.684962323037,-1.0658141036401502e-15,-1.4210854715202005e-15,0,5
