points,num_points,edge_lengths,area,perimeter,aspect_ratio,vertex_angles,is_convex,compactness,bounding_box_area,centroid_x,centroid_y,acute_angle_count,obtuse_angle_count
"[(23.57521749448961, 21.23229892940492), (23.57521749448961, 151.8579181225226), (265.7956385993682, 151.8579181225226)]",3,"[130.62561919311767, 242.2204211048786, 275.19771944878124]",15820.09624402124,648.0437597467776,1.8543102233779925,"[61.66272123644321, 90.0, 28.33727876355679]",True,0.4733804512447486,31640.192488042474,104.31535786278248,108.31604505815004,2,0
