num_points,area,perimeter,aspect_ratio,is_convex,compactness,bounding_box_area,centroid_x,centroid_y,acute_angle_count,obtuse_angle_count
36,4752.738147302713,244.7153133063734,0.9989930665413146,1,0.9973129497559005,6065.639950277048,1.083333333333333,-1.178190182284833e-15,0,36
