num_points,area,perimeter,aspect_ratio,is_convex,compactness,bounding_box_area,centroid_x,centroid_y,acute_angle_count,obtuse_angle_count
10,2324.999999999998,408.23403796927613,1.052631578947368,0,0.1753131106876202,9499.999999999995,148.06864055206663,74.82124590842868,7,3
