num_points,area,perimeter,aspect_ratio,is_convex,compactness,bounding_box_area,centroid_x,centroid_y,acute_angle_count,obtuse_angle_count
4,2507.1051427485936,208.0,1.48256096851274,1,0.7282084965085218,3446.2832596091575,16.26022857118629,24.106780218736475,2,2
