num_points,area,perimeter,aspect_ratio,is_convex,compactness,bounding_box_area,centroid_x,centroid_y,acute_angle_count,obtuse_angle_count
10,5749.9999999999945,288.5189116249687,1.2500000000000013,1,0.868018813551504,7999.999999999996,104.41038172706062,84.13686866803434,0,9
