num_points,area,perimeter,aspect_ratio,is_convex,compactness,bounding_box_area,centroid_x,centroid_y,acute_angle_count,obtuse_angle_count
4,1197.3543790738327,148.0,1.6976631193260894,1,0.6869247116584954,1777.8433008929062,9.531022025442763,16.18046458207882,2,2
