num_points,area,perimeter,aspect_ratio,is_convex,compactness,bounding_box_area,centroid_x,centroid_y,acute_angle_count,obtuse_angle_count
36,1953.5419987529656,156.88033694578468,0.9999999999999999,1,0.997460231791726,2500.0000000000005,124.65014761937553,48.9617007948189,0,36
