num_points,area,perimeter,aspect_ratio,is_convex,compactness,bounding_box_area,centroid_x,centroid_y,acute_angle_count,obtuse_angle_count
12,5149.999999999999,342.4264068711927,1.249999999999999,0,0.5519282143090414,7999.999999999998,87.66798051949746,84.25069299710957,0,12
