num_points,area,perimeter,aspect_ratio,is_convex,compactness,bounding_box_area,centroid_x,centroid_y,acute_angle_count,obtuse_angle_count
36,8449.312261871482,326.28708440849783,0.9989930665413146,1,0.9973129497558998,10783.359911603642,1.4444444444444415,-5.511598352425965e-16,0,36
