num_points,area,perimeter,aspect_ratio,is_convex,compactness,bounding_box_area,centroid_x,centroid_y,acute_angle_count,obtuse_angle_count
10,3236.9799999999996,347.33272551473027,1.0514096185737982,0,0.3371774109862482,8601.794999999995,87.28412370370529,53.31245361952966,5,5
