num_points,area,perimeter,aspect_ratio,is_convex,compactness,bounding_box_area,centroid_x,centroid_y,acute_angle_count,obtuse_angle_count
6,7200.000000000002,344.22205101855957,2.3333333333333326,1,0.763598355627796,8400.000000000004,244.644854165168,91.60765614953289,0,6
