num_points,area,perimeter,aspect_ratio,is_convex,compactness,bounding_box_area,centroid_x,centroid_y,acute_angle_count,obtuse_angle_count
36,6249.491317952283,283.23599086086864,1.248741333176643,1,0.9789435656793043,7975.857922783758,174.24027099969055,102.73448551904539,0,36
