points,num_points,edge_lengths,area,perimeter,aspect_ratio,vertex_angles,is_convex,compactness,bounding_box_area,centroid_x,centroid_y,acute_angle_count,obtuse_angle_count
"[(71.78979601238689, 73.44735260079801), (171.7897960123869, 73.44735260079801), (189.1546137790799, 171.9281279020188), (89.15461377907992, 171.9281279020188)]",4,"[100.0, 99.99999999999997, 99.99999999999999, 99.99999999999997]",9848.077530122076,399.9999999999999,1.1917535925942102,"[80.0, 100.0, 80.00000000000001, 100.0]",True,0.7734662005153562,11558.17824675042,130.4722048957334,122.6877402514084,2,2
