num_points,area,perimeter,aspect_ratio,is_convex,compactness,bounding_box_area,centroid_x,centroid_y,acute_angle_count,obtuse_angle_count
36,8127.463458996938,320.0123327852577,0.9989930665413146,1,0.9973129497558983,10372.603228580278,1.4166666666666672,3.057700682425397e-15,0,36
