num_points,area,perimeter,aspect_ratio,is_convex,compactness,bounding_box_area,centroid_x,centroid_y,acute_angle_count,obtuse_angle_count
4,15662.429638107913,520.0,1.4843223285627154,1,0.7278842291190364,21545.658993295863,137.84413878333777,109.86032725501525,2,2
