num_points,area,perimeter,aspect_ratio,is_convex,compactness,bounding_box_area,centroid_x,centroid_y,acute_angle_count,obtuse_angle_count
4,790.2814940809488,116.0,1.4281480067421148,1,0.7380328585233871,1060.5736839541387,9.540707921777802,13.62554300139567,2,2
