num_points,area,perimeter,aspect_ratio,is_convex,compactness,bounding_box_area,centroid_x,centroid_y,acute_angle_count,obtuse_angle_count
36,14026.98326314389,420.40835875710286,0.9989930665413144,1,0.9973129497559002,17901.813107688144,1.8611111111111092,-8.99929962866022e-16,0,36
