num_points,area,perimeter,aspect_ratio,is_convex,compactness,bounding_box_area,centroid_x,centroid_y,acute_angle_count,obtuse_angle_count
36,312.4745658976141,62.74751623240341,0.9989930665413146,1,0.9973129497559008,398.792896139188,0.27777777777777746,8.616170902308544e-17,0,36
