num_points,area,perimeter,aspect_ratio,is_convex,compactness,bounding_box_area,centroid_x,centroid_y,acute_angle_count,obtuse_angle_count
36,1378.0128356084779,131.76978408804723,0.9989930665413147,1,0.9973129497558993,1758.6766719738182,0.5833333333333324,6.466164687218091e-16,0,36
