num_points,area,perimeter,aspect_ratio,is_convex,compactness,bounding_box_area,centroid_x,centroid_y,acute_angle_count,obtuse_angle_count
36,12402.115520476298,395.30935226414186,0.9989930665413147,1,0.9973129497558985,15828.090047764366,1.7499999999999991,4.407011683110219e-15,0,36
