num_points,area,perimeter,aspect_ratio,is_convex,compactness,bounding_box_area,centroid_x,centroid_y,acute_angle_count,obtuse_angle_count
36,14448.823927105685,426.68311038034363,0.9989930665413146,1,0.9973129497558992,18440.183517476045,1.8888888888888862,2.3005774038336116e-15,0,36
