num_points,area,perimeter,aspect_ratio,is_convex,compactness,bounding_box_area,centroid_x,centroid_y,acute_angle_count,obtuse_angle_count
12,4000.0,258.8854381999832,1.0000000000000022,0,0.749988509290204,6400.000000000005,141.66350222308938,83.25982867060064,0,12
