points,num_points,edge_lengths,area,perimeter,aspect_ratio,vertex_angles,is_convex,compactness,bounding_box_area,centroid_x,centroid_y,acute_angle_count,obtuse_angle_count
"[(88.84415320066527, 69.33176606083188), (79.33358803771375, 62.42193600458135), (82.96630067774056, 51.24159611708241), (94.72200572359002, 51.24159611708241), (98.35471836361683, 62.42193600458135)]",5,"[11.755705045849457, 11.755705045849455, 11.755705045849453, 11.755705045849455, 11.75570504584948]",237.76412907378858,58.7785252292473,1.0514622242382674,"[107.99999999999994, 108.00000000000004, 108.00000000000006, 108.00000000000006, 107.99999999999994]",True,0.864806265977211,344.0954801177934,88.84415320066529,59.331766060831875,0,5
"[(120.6174627054745, 71.51748888486043), (114.9648486255088, 54.12053158894521), (129.763584412145, 43.36862067923914), (144.5623201987812, 54.1205315889452), (138.9097061188156, 71.51748888486043)]",5,"[18.292243413341186, 18.29224341334118, 18.29224341334116, 18.292243413341176, 18.292243413341097]",575.6823520220246,91.4612170667058,1.0514622242382679,"[108.00000000000027, 107.99999999999973, 108.00000000000006, 107.99999999999997, 108.0]",True,0.8648062659772098,833.1353265356677,129.763584412145,58.92893232537008,0,5
