num_points,area,perimeter,aspect_ratio,is_convex,compactness,bounding_box_area,centroid_x,centroid_y,acute_angle_count,obtuse_angle_count
36,6049.507595777807,276.0890714225753,0.9989930665413147,1,0.9973129497558985,7720.630469254678,1.2222222222222228,-6.200892024610649e-16,0,36
