num_points,area,perimeter,aspect_ratio,is_convex,compactness,bounding_box_area,centroid_x,centroid_y,acute_angle_count,obtuse_angle_count
12,2650.0000000000014,222.42640687119282,0.9999999999999998,0,0.6731053547983709,3600.000000000001,100.8980786870161,94.25069299710957,0,12
