num_points,area,perimeter,aspect_ratio,is_convex,compactness,bounding_box_area,centroid_x,centroid_y,acute_angle_count,obtuse_angle_count
4,2069.8999999999996,279.94972382966677,4.512005410889415,1,0.3318938016753498,3945.2294000000006,109.49669655752089,47.355062094990586,2,2
