num_points,area,perimeter,aspect_ratio,is_convex,compactness,bounding_box_area,centroid_x,centroid_y,acute_angle_count,obtuse_angle_count
36,2627.911099198934,181.96779707397,0.9989930665413145,1,0.9973129497558993,3353.84825653057,0.8055555555555555,-2.7131907483763957e-16,0,36
