num_points,area,perimeter,aspect_ratio,is_convex,compactness,bounding_box_area,centroid_x,centroid_y,acute_angle_count,obtuse_angle_count
4,7998.831767499775,364.0,1.3032253728412055,1,0.758636369945597,10069.081767499774,33.72373344783531,43.94962509615261,2,2
