num_points,area,perimeter,aspect_ratio,is_convex,compactness,bounding_box_area,centroid_x,centroid_y,acute_angle_count,obtuse_angle_count
36,7199.413998281032,301.1880779155365,0.9989930665413148,1,0.9973129497559003,9188.188327046888,1.3333333333333348,-1.066721162856065e-15,0,36
