num_points,area,perimeter,aspect_ratio,is_convex,compactness,bounding_box_area,centroid_x,centroid_y,acute_angle_count,obtuse_angle_count
5,5943.798500000019,293.8850930893151,1.051409618573797,1,0.8648062642026513,8601.794999999991,624.7057373170994,354.16099258948555,0,5
