points,num_points,edge_lengths,area,perimeter,aspect_ratio,vertex_angles,is_convex,compactness,bounding_box_area,centroid_x,centroid_y,acute_angle_count,obtuse_angle_count
"[(12.89473955219591, 49.89514412481105), (35.89473955219592, 49.89514412481105), (35.89473955219592, 26.89514412481106), (12.89473955219591, 26.89514412481106)]",4,"[23.000000000000014, 22.999999999999986, 23.000000000000014, 22.999999999999986]",528.9999999999999,92.0,1.0000000000000013,"[90.0, 90.0, 90.0, 90.0]",True,0.7853981633974482,529.0,24.394739552195915,38.395144124811054,0,0
