num_points,area,perimeter,aspect_ratio,is_convex,compactness,bounding_box_area,centroid_x,centroid_y,acute_angle_count,obtuse_angle_count
4,1164.8370840037205,144.0,1.60033452904105,1,0.705911193235927,1675.4680523408765,10.109319357796608,16.178292833385008,2,2
