points,num_points,edge_lengths,area,perimeter,aspect_ratio,vertex_angles,is_convex,compactness,bounding_box_area,centroid_x,centroid_y,acute_angle_count,obtuse_angle_count
"[(17.30329594700527, 52.22717473309415), (27.30329594700527, 52.22717473309415), (27.30329594700527, 42.22717473309415), (17.30329594700527, 42.22717473309415)]",4,"[10.0, 10.0, 10.0, 10.0]",99.99999999999989,40.0,1.0,"[90.0, 90.0, 90.0, 90.0]",True,0.7853981633974473,100.0,22.30329594700527,47.22717473309415,0,0
