num_points,area,perimeter,aspect_ratio,is_convex,compactness,bounding_box_area,centroid_x,centroid_y,acute_angle_count,obtuse_angle_count
5,2355.3335614062958,185.0,0.9510565162951535,1,0.86480626597721,3408.670752004526,-7.105427357601002e-16,7.105427357601002e-16,0,5
