num_points,area,perimeter,aspect_ratio,is_convex,compactness,bounding_box_area,centroid_x,centroid_y,acute_angle_count,obtuse_angle_count
36,6611.961814393511,288.63857466905574,0.9989930665413145,1,0.9973129497558999,8438.457682305216,1.2777777777777752,1.068645581973649e-15,0,36
