num_points,area,perimeter,aspect_ratio,is_convex,compactness,bounding_box_area,centroid_x,centroid_y,acute_angle_count,obtuse_angle_count
4,3199.9999999999964,241.2451549659709,0.625,1,0.6909436699182852,3999.9999999999973,87.61054699691522,64.11426458285221,2,2
