num_points,area,perimeter,aspect_ratio,is_convex,compactness,bounding_box_area,centroid_x,centroid_y,acute_angle_count,obtuse_angle_count
3,1138.9890254080588,168.0,2.212927380136078,1,0.5071201183023464,2277.9780508161175,39.370892018779344,10.69473263293952,2,1
