num_points,area,perimeter,aspect_ratio,is_convex,compactness,bounding_box_area,centroid_x,centroid_y,acute_angle_count,obtuse_angle_count
4,7148.474162297036,376.0,1.9626105055051504,1,0.6354004615394075,11350.241851289022,19.374093142253766,38.02379873562253,2,2
