num_points,area,perimeter,aspect_ratio,is_convex,compactness,bounding_box_area,centroid_x,centroid_y,acute_angle_count,obtuse_angle_count
10,4849.999999999996,303.1884236778729,1.2499999999999996,0,0.6630196082380465,7999.999999999989,109.38765339126255,81.87771570624133,1,9
