num_points,area,perimeter,aspect_ratio,is_convex,compactness,bounding_box_area,centroid_x,centroid_y,acute_angle_count,obtuse_angle_count
4,5999.999999999996,319.9999999999999,1.6666666666666656,1,0.7363107781851078,5999.999999999996,99.34365973977603,49.725375715725875,0,0
