num_points,area,perimeter,aspect_ratio,is_convex,compactness,bounding_box_area,centroid_x,centroid_y,acute_angle_count,obtuse_angle_count
5,387.10741513251753,75.0,0.9510565162951535,1,0.8648062659772099,560.2271140986256,-8.881784197001253e-17,3.552713678800501e-16,0,5
