num_points,area,perimeter,aspect_ratio,is_convex,compactness,bounding_box_area,centroid_x,centroid_y,acute_angle_count,obtuse_angle_count
36,9111.75834157443,338.8365876549786,0.9989930665413147,1,0.9973129497559,11628.800851418717,1.4999999999999996,-2.34112386130004e-15,0,36
