num_points,area,perimeter,aspect_ratio,is_convex,compactness,bounding_box_area,centroid_x,centroid_y,acute_angle_count,obtuse_angle_count
4,1039.2000000000005,139.99867998547967,2.117013086989991,1,0.6662866634459603,1428.9,76.85855664499832,25.672912623039572,2,2
