num_points,area,perimeter,aspect_ratio,is_convex,compactness,bounding_box_area,centroid_x,centroid_y,acute_angle_count,obtuse_angle_count
36,378.09422473611295,69.02226785564382,0.9989930665413147,1,0.9973129497558985,482.5394043284174,0.3055555555555557,-1.5502230061526623e-16,0,36
