num_points,area,perimeter,aspect_ratio,is_convex,compactness,bounding_box_area,centroid_x,centroid_y,acute_angle_count,obtuse_angle_count
4,2806.5068145294076,252.0,2.414213562373095,1,0.5553603672697959,4791.006814529408,9.22613639262375,22.27386360737625,2,2
