num_points,area,perimeter,aspect_ratio,is_convex,compactness,bounding_box_area,centroid_x,centroid_y,acute_angle_count,obtuse_angle_count
4,4164.0644256906635,276.0,1.6976631193260892,1,0.6869247116584956,6182.8429185910345,17.77406810150137,30.17437989630915,2,2
