num_points,area,perimeter,aspect_ratio,is_convex,compactness,bounding_box_area,centroid_x,centroid_y,acute_angle_count,obtuse_angle_count
14,7149.999999999997,382.4264068711926,1.5,0,0.6143560787093042,9599.99999999999,124.99795470976095,59.81306373448802,0,12
