num_points,area,perimeter,aspect_ratio,is_convex,compactness,bounding_box_area,centroid_x,centroid_y,acute_angle_count,obtuse_angle_count
12,3199.999999999998,359.99999999999983,0.8000000000000003,0,0.3102807559101031,7999.999999999992,82.33859728486823,74.14126607363686,0,0
