num_points,area,perimeter,aspect_ratio,is_convex,compactness,bounding_box_area,centroid_x,centroid_y,acute_angle_count,obtuse_angle_count
7,449.9999999999982,144.85281374238548,1.0000000000000004,0,0.26950604222632335,899.999999999997,102.35687773478428,111.24636595596321,4,1
