num_points,area,perimeter,aspect_ratio,is_convex,compactness,bounding_box_area,centroid_x,centroid_y,acute_angle_count,obtuse_angle_count
36,1512.3768989444518,138.04453571128764,0.9989930665413147,1,0.9973129497558985,1930.1576173136696,0.6111111111111114,-3.1004460123053246e-16,0,36
