num_points,area,perimeter,aspect_ratio,is_convex,compactness,bounding_box_area,centroid_x,centroid_y,acute_angle_count,obtuse_angle_count
6,7199.999999999997,320.0,1.500000000000001,1,0.883572933822129,9599.999999999993,186.94819426702816,98.80377666284083,0,6
