num_points,area,perimeter,aspect_ratio,is_convex,compactness,bounding_box_area,centroid_x,centroid_y,acute_angle_count,obtuse_angle_count
36,799.9348886978917,100.39602597184553,0.9989930665413147,1,0.9973129497558988,1020.9098141163211,0.4444444444444441,8.903432289050983e-16,0,36
