num_points,area,perimeter,aspect_ratio,is_convex,compactness,bounding_box_area,centroid_x,centroid_y,acute_angle_count,obtuse_angle_count
5,4612.499999999996,259.9144261138621,1.1250000000000004,1,0.857996415107034,7200.000000000002,251.37474338539982,142.7138291683446,0,5
