points,num_points,edge_lengths,area,perimeter,aspect_ratio,vertex_angles,is_convex,compactness,bounding_box_area,centroid_x,centroid_y,acute_angle_count,obtuse_angle_count
"[(9.782817327162832, 54.81832002245784), (57.78281732716283, 54.81832002245784), (57.78281732716283, 6.818320022457839), (9.782817327162832, 6.818320022457839)]",4,"[48.0, 48.0, 48.0, 48.0]",2304.0,192.0,1.0,"[90.0, 90.0, 90.0, 90.0]",True,0.7853981633974483,2304.0,33.78281732716283,30.81832002245784,0,0
