num_points,area,perimeter,aspect_ratio,is_convex,compactness,bounding_box_area,centroid_x,centroid_y,acute_angle_count,obtuse_angle_count
4,9599.999999999996,399.9999999999999,1.1173625291149059,1,0.7539822368615505,18516.343378650934,120.82735756323615,80.7004970194757,2,2
