num_points,area,perimeter,aspect_ratio,is_convex,compactness,bounding_box_area,centroid_x,centroid_y,acute_angle_count,obtuse_angle_count
36,1249.8982635904565,125.49503246480683,0.9989930665413146,1,0.9973129497559008,1595.171584556752,0.5555555555555549,1.723234180461709e-16,0,36
