num_points,area,perimeter,aspect_ratio,is_convex,compactness,bounding_box_area,centroid_x,centroid_y,acute_angle_count,obtuse_angle_count
3,1182.674934206353,188.00000000000003,2.842708425418779,1,0.42049376243633657,2365.349868412706,50.04878048780487,9.615243367531326,2,1
