num_points,area,perimeter,aspect_ratio,is_convex,compactness,bounding_box_area,centroid_x,centroid_y,acute_angle_count,obtuse_angle_count
36,2277.9395853936076,169.4182938274893,0.9989930665413147,1,0.9973129497559,2907.200212854679,0.7499999999999998,-1.17056193065002e-15,0,36
