num_points,area,perimeter,aspect_ratio,is_convex,compactness,bounding_box_area,centroid_x,centroid_y,acute_angle_count,obtuse_angle_count
5,290.76068069953544,65.0,0.9510565162951536,1,0.86480626597721,420.79281014518983,-2.6645352591003756e-16,-3.552713678800501e-16,0,5
