num_points,area,perimeter,aspect_ratio,is_convex,compactness,bounding_box_area,centroid_x,centroid_y,acute_angle_count,obtuse_angle_count
4,2799.999999999999,239.99999999999997,2.5,1,0.6108652381980153,3999.9999999999986,68.8758780540429,44.901220059208754,2,2
