center_x,center_y,radius,diameter,circumference,area
85.62346273349743,79.5828291934838,75.18280287402274,150.36560574804548,472.38748237063885,17757.707483613816
