num_points,area,perimeter,aspect_ratio,is_convex,compactness,bounding_box_area,centroid_x,centroid_y,acute_angle_count,obtuse_angle_count
8,2799.999999999999,428.06248474865674,1.3333333333333326,0,0.19202313651611783,4799.999999999995,129.11400361742014,157.2949876362227,4,0
