num_points,area,perimeter,aspect_ratio,is_convex,compactness,bounding_box_area,centroid_x,centroid_y,acute_angle_count,obtuse_angle_count
4,4964.415882934541,284.0,1.19175359259421,1,0.7734662005153561,5826.47765418689,29.33548969282397,34.960675231933386,2,2
