num_points,area,perimeter,aspect_ratio,is_convex,compactness,bounding_box_area,centroid_x,centroid_y,acute_angle_count,obtuse_angle_count
36,1952.9660368600873,156.8687905810087,0.9989930665413146,1,0.997312949755898,2492.455600869924,0.6944444444444433,-9.349101390677958e-16,0,36
