num_points,area,perimeter,aspect_ratio,is_convex,compactness,bounding_box_area,centroid_x,centroid_y,acute_angle_count,obtuse_angle_count
6,2338.2,179.9973599709594,1.1547344110854514,1,0.9068996818244643,3117.5999999999976,172.03349922886628,87.01198633641023,0,6
