num_points,area,perimeter,aspect_ratio,is_convex,compactness,bounding_box_area,centroid_x,centroid_y,acute_angle_count,obtuse_angle_count
4,2499.999999999998,201.9803902718556,1.1999999999999984,1,0.7700722234629571,2999.999999999996,74.37851688924636,62.86381282702587,2,2
