num_points,area,perimeter,aspect_ratio,is_convex,compactness,bounding_box_area,centroid_x,centroid_y,acute_angle_count,obtuse_angle_count
36,5252.697452738894,257.26481655285426,0.9989930665413146,1,0.9973129497558988,6703.708584099748,1.1388888888888882,9.546338119999434e-16,0,36
