num_points,area,perimeter,aspect_ratio,is_convex,compactness,bounding_box_area,centroid_x,centroid_y,acute_angle_count,obtuse_angle_count
4,9599.999999999989,439.99999999999994,2.6666666666666705,1,0.6231258155880577,9599.99999999999,151.51556093971317,94.52958563439884,0,0
