num_points,area,perimeter,aspect_ratio,is_convex,compactness,bounding_box_area,centroid_x,centroid_y,acute_angle_count,obtuse_angle_count
36,14876.9140823854,432.95786200358395,0.9989930665413147,1,0.9973129497558982,18986.529785186736,1.916666666666667,-1.9004020603011318e-15,0,36
