num_points,area,perimeter,aspect_ratio,is_convex,compactness,bounding_box_area,centroid_x,centroid_y,acute_angle_count,obtuse_angle_count
5,2484.369366450468,190.0,0.9510565162951535,1,0.8648062659772099,3595.4131233707353,-7.105427357601002e-16,7.105427357601002e-16,0,5
