num_points,area,perimeter,aspect_ratio,is_convex,compactness,bounding_box_area,centroid_x,centroid_y,acute_angle_count,obtuse_angle_count
5,688.1909602355868,100.0,0.9510565162951536,1,0.86480626597721,995.9593139531122,-8.881784197001252e-16,7.105427357601002e-16,0,5
