num_points,area,perimeter,aspect_ratio,is_convex,compactness,bounding_box_area,centroid_x,centroid_y,acute_angle_count,obtuse_angle_count
4,9338.262138820943,387.9999999999999,0.8842563876912116,1,0.7794934566004782,14797.95647326589,103.45961490689598,166.89958452974196,2,2
