num_points,area,perimeter,aspect_ratio,is_convex,compactness,bounding_box_area,centroid_x,centroid_y,acute_angle_count,obtuse_angle_count
36,903.0514954441053,106.67077759508591,0.9989930665413146,1,0.9973129497558992,1152.5114698422528,0.47222222222222154,5.751443509584029e-16,0,36
