num_points,area,perimeter,aspect_ratio,is_convex,compactness,bounding_box_area,centroid_x,centroid_y,acute_angle_count,obtuse_angle_count
7,5599.999999999998,282.1126247883288,1.0000000000000002,1,0.8842047583378801,8099.999999999997,123.520460058408,77.2133429664856,0,7
