num_points,area,perimeter,aspect_ratio,is_convex,compactness,bounding_box_area,centroid_x,centroid_y,acute_angle_count,obtuse_angle_count
4,3999.999999999999,259.99999999999994,1.5999999999999994,1,0.7435722257017263,3999.9999999999986,93.4060018027403,56.740053819205116,0,0
