num_points,area,perimeter,aspect_ratio,is_convex,compactness,bounding_box_area,centroid_x,centroid_y,acute_angle_count,obtuse_angle_count
4,1999.9999999999955,182.46211251235303,1.5000000000000013,1,0.7549087551935648,2399.9999999999955,246.30373965618668,83.02227938523262,2,2
