num_points,area,perimeter,aspect_ratio,is_convex,compactness,bounding_box_area,centroid_x,centroid_y,acute_angle_count,obtuse_angle_count
36,2449.8005966372953,175.69304545072964,0.9989930665413147,1,0.9973129497559,3126.536305731233,0.7777777777777769,2.289169738799153e-16,0,36
