num_points,area,perimeter,aspect_ratio,is_convex,compactness,bounding_box_area,centroid_x,centroid_y,acute_angle_count,obtuse_angle_count
10,2609.9999999999945,312.4021891022925,2.000000000000002,0,0.3360641873998989,6049.999999999994,142.81079068866129,94.34118042744493,5,5
