num_points,area,perimeter,aspect_ratio,is_convex,compactness,bounding_box_area,centroid_x,centroid_y,acute_angle_count,obtuse_angle_count
8,3900.000000000001,232.11102550927978,1.1666666666666665,1,0.9096680267848626,4200.000000000001,160.0294848813337,90.8424711478201,0,8
