num_points,area,perimeter,aspect_ratio,is_convex,compactness,bounding_box_area,centroid_x,centroid_y,acute_angle_count,obtuse_angle_count
6,1623.7499999999973,149.9977999757993,1.1547344110854514,1,0.9068996818244651,2164.9999999999955,245.44383147733788,83.66100845832494,0,6
