num_points,area,perimeter,aspect_ratio,is_convex,compactness,bounding_box_area,centroid_x,centroid_y,acute_angle_count,obtuse_angle_count
4,952.0038027847893,140.0,2.0965435990881742,1,0.610369010820049,1551.1192082342454,6.486893156627843,13.600054325496991,2,2
