num_points,area,perimeter,aspect_ratio,is_convex,compactness,bounding_box_area,centroid_x,centroid_y,acute_angle_count,obtuse_angle_count
8,2199.999999999999,348.6796226411318,0.8571428571428567,0,0.2273942141524561,4199.9999999999945,107.28326239725172,88.80412334971332,4,2
