num_points,area,perimeter,aspect_ratio,is_convex,compactness,bounding_box_area,centroid_x,centroid_y,acute_angle_count,obtuse_angle_count
6,3999.9999999999964,248.06248474865697,2.0000000000000044,1,0.8168600869002658,4999.999999999997,194.3508499624768,89.01436076711796,0,6
