num_points,area,perimeter,aspect_ratio,is_convex,compactness,bounding_box_area,centroid_x,centroid_y,acute_angle_count,obtuse_angle_count
5,1348.85428206175,140.0,0.9510565162951535,1,0.8648062659772098,1952.0802553480999,-3.552713678800501e-16,7.105427357601002e-16,0,5
