num_points,area,perimeter,aspect_ratio,is_convex,compactness,bounding_box_area,centroid_x,centroid_y,acute_angle_count,obtuse_angle_count
36,528.0820163669677,81.57177110212446,0.9989930665413146,1,0.9973129497558998,673.9599944752276,0.3611111111111104,-1.3778995881064913e-16,0,36
