num_points,area,perimeter,aspect_ratio,is_convex,compactness,bounding_box_area,centroid_x,centroid_y,acute_angle_count,obtuse_angle_count
9,7199.999999999991,314.5526816243668,1.0,1,0.9144407611765415,9999.999999999989,100.27131440065081,69.69643977105339,0,9
