center_x,center_y,radius,diameter,circumference,area
49.97848021639436,41.0852505974072,27.0,54.0,169.64600329384882,2290.221044466959
