num_points,area,perimeter,aspect_ratio,is_convex,compactness,bounding_box_area,centroid_x,centroid_y,acute_angle_count,obtuse_angle_count
12,3600.0,399.9999999999999,0.666666666666667,0,0.28274333882308156,9599.999999999996,151.1279602695231,133.3917444767218,0,0
