num_points,area,perimeter,aspect_ratio,is_convex,compactness,bounding_box_area,centroid_x,centroid_y,acute_angle_count,obtuse_angle_count
10,924.9999999999998,200.87909060863484,0.6666666666666666,0,0.2880594515603522,2400.0,52.11289488301372,59.925313087993345,3,4
