points,num_points,edge_lengths,area,perimeter,aspect_ratio,vertex_angles,is_convex,compactness,bounding_box_area,centroid_x,centroid_y,acute_angle_count,obtuse_angle_count
"[(31.20681976632113, 140.5856565762947), (31.20681976632111, 14.58565657629471), (231.2068197663211, 14.58565657629471)]",3,"[125.99999999999999, 200.0, 236.38104830971537]",12599.999999999998,562.3810483097154,1.5873015873015874,"[57.78907227632626, 90.0, 32.210927723673755]",True,0.500632517932153,25199.999999999996,97.87348643298778,56.585656576294696,2,0
