num_points,area,perimeter,aspect_ratio,is_convex,compactness,bounding_box_area,centroid_x,centroid_y,acute_angle_count,obtuse_angle_count
4,1182.8555519533043,152.0,1.9209821269711658,1,0.6433605111278394,1861.31362416073,8.102047709330126,15.563888841490844,2,2
