num_points,area,perimeter,aspect_ratio,is_convex,compactness,bounding_box_area,centroid_x,centroid_y,acute_angle_count,obtuse_angle_count
12,7149.999999999996,382.4264068711927,1.4999999999999987,0,0.614356078709304,9599.999999999998,122.52280759075073,84.25069299710957,0,12
