num_points,area,perimeter,aspect_ratio,is_convex,compactness,bounding_box_area,centroid_x,centroid_y,acute_angle_count,obtuse_angle_count
12,3199.9999999999945,359.9999999999999,0.5000000000000002,0,0.3102807559101027,7199.999999999996,128.8462393470436,107.76596195237015,0,0
