num_points,area,perimeter,aspect_ratio,is_convex,compactness,bounding_box_area,centroid_x,centroid_y,acute_angle_count,obtuse_angle_count
4,1232.569245118519,144.0,1.3763819204711736,1,0.7469580411853889,1613.4540886040413,12.437694101250948,17.119017293312762,2,2
