points,num_points,edge_lengths,area,perimeter,aspect_ratio,vertex_angles,is_convex,compactness,bounding_box_area,centroid_x,centroid_y,acute_angle_count,obtuse_angle_count
"[(48.42839250877614, 49.62021326229251), (178.4283925087761, 49.62021326229251), (227.2598850578994, 170.100441247738), (97.2598850578994, 170.100441247738)]",4,"[129.99999999999997, 130.0, 130.0, 130.0]",15662.429638107913,520.0,1.4843223285627154,"[67.93693773733928, 112.06306226266074, 67.93693773733926, 112.06306226266072]",True,0.7278842291190364,21545.658993295863,137.84413878333777,109.86032725501525,2,2
