num_points,area,perimeter,aspect_ratio,is_convex,compactness,bounding_box_area,centroid_x,centroid_y,acute_angle_count,obtuse_angle_count
5,5988.981831450194,295.0,0.9510565162951536,1,0.8648062659772099,8667.33592967696,-3.552713678800501e-16,1.4210854715202005e-15,0,5
