num_points,area,perimeter,aspect_ratio,is_convex,compactness,bounding_box_area,centroid_x,centroid_y,acute_angle_count,obtuse_angle_count
36,17667.689580911054,471.788137896208,1.0,1,0.9974602317917253,22609.81539197665,85.62346273349743,79.58282919348382,0,36
