num_points,area,perimeter,aspect_ratio,is_convex,compactness,bounding_box_area,centroid_x,centroid_y,acute_angle_count,obtuse_angle_count
24,7800.000000000002,409.7056274847714,1.0000000000000002,0,0.5839297581570345,14399.999999999996,126.867174325198,126.15516798388761,0,24
