num_points,area,perimeter,aspect_ratio,is_convex,compactness,bounding_box_area,centroid_x,centroid_y,acute_angle_count,obtuse_angle_count
4,728.3273645827128,116.0,1.7320508075688774,1,0.6801747615878315,1092.4910468740693,7.249999999999999,12.55736835487436,2,2
