num_points,area,perimeter,aspect_ratio,is_convex,compactness,bounding_box_area,centroid_x,centroid_y,acute_angle_count,obtuse_angle_count
4,5196.0,319.9973599709593,2.501924557351808,1,0.6376556552989517,6754.799999999999,100.49182573094423,38.544288639369185,2,2
