num_points,area,perimeter,aspect_ratio,is_convex,compactness,bounding_box_area,centroid_x,centroid_y,acute_angle_count,obtuse_angle_count
8,400.0000000000002,196.83238505927557,0.6666666666666665,0,0.12974085196108176,2399.9999999999995,42.57762833753077,48.16080043630882,4,4
