num_points,area,perimeter,aspect_ratio,is_convex,compactness,bounding_box_area,centroid_x,centroid_y,acute_angle_count,obtuse_angle_count
3,2984.8300098163045,257.0,0.7975328551948268,1,0.5678886905814322,5969.660019632609,39.04106280193236,28.838937292911154,3,0
