num_points,area,perimeter,aspect_ratio,is_convex,compactness,bounding_box_area,centroid_x,centroid_y,acute_angle_count,obtuse_angle_count
8,1999.9999999999982,353.13708498984727,1.0,0,0.20153626429942692,3599.999999999995,95.37811489272553,95.37811489272553,4,0
