points,num_points,edge_lengths,area,perimeter,aspect_ratio,vertex_angles,is_convex,compactness,bounding_box_area,centroid_x,centroid_y,acute_angle_count,obtuse_angle_count
"[(55.7002264501316, 62.75403784440834), (185.7002264501316, 62.75403784440834), (145.1401264684903, 186.2646782341305), (15.14012646849036, 186.2646782341305)]",4,"[130.0, 130.00000000000003, 129.99999999999994, 130.0]",16056.383250663883,520.0,1.3809344639737957,"[108.17984757017435, 71.82015242982565, 108.17984757017436, 71.82015242982567]",True,0.7461925394010038,21065.98717366755,100.42017645931095,124.50935803926942,2,2
