num_points,area,perimeter,aspect_ratio,is_convex,compactness,bounding_box_area,centroid_x,centroid_y,acute_angle_count,obtuse_angle_count
36,10511.644396795737,363.93559414794,0.9989930665413145,1,0.9973129497558993,13415.39302612228,1.611111111111111,-5.426381496752791e-16,0,36
