points,num_points,edge_lengths,area,perimeter,aspect_ratio,vertex_angles,is_convex,compactness,bounding_box_area,centroid_x,centroid_y,acute_angle_count,obtuse_angle_count
"[(129.0368999785651, 411.5736397577911), (219.3658111946915, 227.5473161013394), (321.8658111946916, 405.0825238771492)]",3,"[204.99999999999994, 204.99999999999994, 192.9381340901086]",17449.630097852,602.9381340901085,1.0478333065877459,"[61.92799491095907, 56.14401017808188, 61.927994910959065]",True,0.6031850707653061,35485.59562578009,223.42284078931607,348.0678265787599,3,0
