points,num_points,edge_lengths,area,perimeter,aspect_ratio,vertex_angles,is_convex,compactness,bounding_box_area,centroid_x,centroid_y,acute_angle_count,obtuse_angle_count
"[(7.315607239818803, 31.60224925884651), (87.3156072398188, 31.60224925884651), (87.3156072398188, 21.60224925884651), (7.315607239818803, 21.60224925884651)]",4,"[80.0, 10.0, 80.0, 10.0]",800.0,180.0,8.0,"[90.0, 90.0, 90.0, 90.0]",True,0.310280755910103,800.0,47.3156072398188,26.60224925884651,0,0
