num_points,area,perimeter,aspect_ratio,is_convex,compactness,bounding_box_area,centroid_x,centroid_y,acute_angle_count,obtuse_angle_count
36,13611.392090500065,414.13360713386254,0.9989930665413145,1,0.9973129497559002,17371.418555823024,1.8333333333333286,-5.185988731421364e-15,0,36
