num_points,area,perimeter,aspect_ratio,is_convex,compactness,bounding_box_area,centroid_x,centroid_y,acute_angle_count,obtuse_angle_count
5,1163.0427227981418,130.0,0.9510565162951536,1,0.86480626597721,1683.1712405807593,-5.329070518200751e-16,-7.105427357601002e-16,0,5
