num_points,area,perimeter,aspect_ratio,is_convex,compactness,bounding_box_area,centroid_x,centroid_y,acute_angle_count,obtuse_angle_count
12,7149.999999999988,342.4264068711926,1.2500000000000002,0,0.766269268409639,7999.99999999999,123.07512536230205,83.19088069223835,0,12
