num_points,area,perimeter,aspect_ratio,is_convex,compactness,bounding_box_area,centroid_x,centroid_y,acute_angle_count,obtuse_angle_count
4,6945.115753154354,340.0,1.32704482162041,1,0.754973170534272,8859.449095196807,30.785412377777533,40.85362207737855,2,2
