num_points,area,perimeter,aspect_ratio,is_convex,compactness,bounding_box_area,centroid_x,centroid_y,acute_angle_count,obtuse_angle_count
12,4799.9999999999945,319.9999999999999,1.0,0,0.589048622548086,6399.999999999995,110.86019599914653,84.08812074606611,0,0
