num_points,area,perimeter,aspect_ratio,is_convex,compactness,bounding_box_area,centroid_x,centroid_y,acute_angle_count,obtuse_angle_count
3,854.1428451962822,184.0,3.2090651059309847,1,0.31703318615133796,2149.8673449798066,49.686868686868685,8.627705507033154,2,1
