num_points,area,perimeter,aspect_ratio,is_convex,compactness,bounding_box_area,centroid_x,centroid_y,acute_angle_count,obtuse_angle_count
3,44991.024601482146,1020.0060748731705,1.5656201781622208,1,0.5434132593829264,105679.36202594991,336.44485019270303,251.428731268898,3,0
