num_points,area,perimeter,aspect_ratio,is_convex,compactness,bounding_box_area,centroid_x,centroid_y,acute_angle_count,obtuse_angle_count
5,4699.999999999997,266.0617569968976,1.4285714285714286,1,0.8343395148435883,7000.0,154.6712376419091,94.8065946909926,0,5
