num_points,area,perimeter,aspect_ratio,is_convex,compactness,bounding_box_area,centroid_x,centroid_y,acute_angle_count,obtuse_angle_count
36,7602.83432445284,503.78754011873684,6.07663759318523,0,0.3764354769182723,9703.049943938242,190.13305703467003,81.2207487773194,0,34
