num_points,area,perimeter,aspect_ratio,compactness,bounding_box_area,centroid_x,centroid_y,acute_angle_count,obtuse_angle_count
0.0,0.07031163743765488,0.3257346712631305,0.27535869681088804,0.4464670915183313,0.11531912297220265,0.6303927397475586,0.22050995119462935,0.6666666666666666,0.027777777777777776
