num_points,area,perimeter,aspect_ratio,compactness,bounding_box_area,centroid_x,centroid_y,acute_angle_count,obtuse_angle_count
0.0,0.11892316694607619,0.49369161113318205,0.33089877373109616,0.3551472495273133,0.19138692400600513,1.0,0.25788016527714863,1.0,0.0
