num_points,area,perimeter,aspect_ratio,compactness,bounding_box_area,centroid_x,centroid_y,acute_angle_count,obtuse_angle_count
0.9999999999999999,0.9424826375303287,0.9680642368017878,0.11705713930782825,0.9999999999999992,0.9425675675675677,1.5801330449136946e-17,5.799103083952707e-17,0.0,1.0
