num_points,area,perimeter,aspect_ratio,is_convex,compactness,bounding_box_area,centroid_x,centroid_y,acute_angle_count,obtuse_angle_count
0.15151515151515152,0.08464943791624971,0.19603044351958965,0.05710269981025265,1.0,0.9015464480874631,0.03883334698491812,0.24338789668962074,0.2350914215016312,0.0,0.2222222222222222
