num_points,area,perimeter,aspect_ratio,compactness,bounding_box_area,centroid_x,centroid_y,acute_angle_count,obtuse_angle_count
1.0,0.05346280289447349,0.16326429407155124,0.08981555301843382,1.0,0.022731715308244752,0.10690096779756188,0.053884845195318956,0.0,0.0
