num_points,area,perimeter,aspect_ratio,is_convex,compactness,bounding_box_area,centroid_x,centroid_y,acute_angle_count,obtuse_angle_count
0.21212121212121213,0.049564473516751424,0.3757466891385667,0.049508119163213946,0.0,0.07801262924154606,0.08903255162395855,0.22429835357930872,0.18855169252028053,1.0,0.08333333333333333
