num_points,area,perimeter,aspect_ratio,compactness,bounding_box_area,centroid_x,centroid_y,acute_angle_count,obtuse_angle_count
0.030303030303030304,0.05495058003808336,0.21376337801642933,0.19318912933657864,0.7154818409124597,0.04299360492560553,0.3042212518195051,0.2474226804123712,0.0,0.0
