num_points,area,perimeter,aspect_ratio,compactness,bounding_box_area,centroid_x,centroid_y,acute_angle_count,obtuse_angle_count
0.0,0.058181615351799096,0.305351491014915,0.23125512435095383,0.4058819898005176,0.09607263513513514,0.32023289665211063,0.21993127147766325,0.6666666666666666,0.0
