num_points,area,perimeter,aspect_ratio,compactness,bounding_box_area,centroid_x,centroid_y,acute_angle_count,obtuse_angle_count
0.030303030303030304,0.046502113539698554,0.20358416953945654,0.2081105364117609,0.6495050658266583,0.05658950542275497,0.12373568072686228,0.27050094035239053,0.6666666666666666,0.05555555555555555
