num_points,area,perimeter,aspect_ratio,compactness,bounding_box_area,centroid_x,centroid_y,acute_angle_count,obtuse_angle_count
0.030303030303030304,0.1905109637565887,0.447848853488542,0.11705713930782825,0.7605762327905327,0.14864864864864866,0.4323144104803493,0.5567010309278351,0.0,0.0
