num_points,area,perimeter,aspect_ratio,compactness,bounding_box_area,centroid_x,centroid_y,acute_angle_count,obtuse_angle_count
0.030303030303030304,0.04469916590719627,0.183210894608949,0.15359287682340925,0.7342363955852736,0.04459167557075858,0.16993308308246174,0.2800853642858547,0.6666666666666666,0.05555555555555555
