num_points,area,perimeter,aspect_ratio,is_convex,compactness,bounding_box_area,centroid_x,centroid_y,acute_angle_count,obtuse_angle_count
0.21212121212121213,0.00768527791608056,0.15563604225765865,0.012703612950641926,0.0,0.05059963837027631,0.016101631676673365,0.07996211603452005,0.1084244327892522,0.42857142857142855,0.1111111111111111
