num_points,area,perimeter,aspect_ratio,compactness,bounding_box_area,centroid_x,centroid_y,acute_angle_count,obtuse_angle_count
0.06060606060606061,0.17027229444163827,0.39441234256093183,0.11066942819916023,0.8502301120088269,0.19463340853603822,6.762969432230613e-17,8.851262601822552e-17,0.0,0.1388888888888889
