num_points,area,perimeter,aspect_ratio,compactness,bounding_box_area,centroid_x,centroid_y,acute_angle_count,obtuse_angle_count
0.0,0.16120445538395278,0.48605720477545244,0.0976229037130106,0.5338781554288372,0.2575491013509503,0.5203784570596798,0.5248965132236639,1.0,0.0
