num_points,area,perimeter,aspect_ratio,compactness,bounding_box_area,centroid_x,centroid_y,acute_angle_count,obtuse_angle_count
0.030303030303030304,0.16925049344242177,0.4173475475558859,0.11705713930782825,0.7607027265261427,0.13242242108243774,0.408296943231441,0.5257731958762887,0.0,0.0
