num_points,area,perimeter,aspect_ratio,compactness,bounding_box_area,centroid_x,centroid_y,acute_angle_count,obtuse_angle_count
0.030303030303030304,0.11836030109188153,0.3359138797401032,0.11705713930782825,0.7607027265261427,0.09260568351586708,0.34425036390101893,0.443298969072165,0.0,0.0
