num_points,area,perimeter,aspect_ratio,compactness,bounding_box_area,centroid_x,centroid_y,acute_angle_count,obtuse_angle_count
0.030303030303030304,0.45598149705944874,0.7481111529865416,0.08545950134100855,0.7437565857485342,0.35578547297297297,0.5764192139737991,0.979381443298969,0.0,0.0
