num_points,area,perimeter,aspect_ratio,compactness,bounding_box_area,centroid_x,centroid_y,acute_angle_count,obtuse_angle_count
0.030303030303030304,0.4121423264222792,0.7023084293343044,0.09581100255561885,0.7536142003011437,0.3215793918918919,0.5764192139737991,0.8865979381443299,0.0,0.0
