num_points,area,perimeter,aspect_ratio,compactness,bounding_box_area,centroid_x,centroid_y,acute_angle_count,obtuse_angle_count
0.030303030303030304,0.5471777964713386,0.8193598342233551,0.11280131377827078,0.7603326315430958,0.4269425675675676,0.7125181950509462,0.9484536082474226,0.0,0.0
