num_points,area,perimeter,aspect_ratio,compactness,bounding_box_area,centroid_x,centroid_y,acute_angle_count,obtuse_angle_count
0.06060606060606061,0.32018973489882335,0.5725340456529655,0.11066942819916024,0.8502301120088268,0.3639212564524772,6.194121536061683e-17,8.851262601822552e-17,0.0,0.1388888888888889
