num_points,area,perimeter,aspect_ratio,compactness,bounding_box_area,centroid_x,centroid_y,acute_angle_count,obtuse_angle_count
0.9999999999999999,0.08648894901110836,0.2335416832429182,0.11705713930782825,0.999999999999999,0.08783783783783784,6.16251887516341e-17,1.1598206167905414e-16,0.0,1.0
