num_points,area,perimeter,aspect_ratio,compactness,bounding_box_area,centroid_x,centroid_y,acute_angle_count,obtuse_angle_count
0.9999999999999999,0.28272465626057386,0.4890277888286121,0.11705713930782825,0.9999999999999988,0.28378378378378377,5.6884789616893e-17,8.088222722355091e-17,0.0,1.0
