num_points,area,perimeter,aspect_ratio,compactness,bounding_box_area,centroid_x,centroid_y,acute_angle_count,obtuse_angle_count
0.06060606060606061,0.019423689758010978,0.08906085154601687,0.11066942819916023,0.8502301120088269,0.024294083303348063,7.758453250526241e-17,9.583780886111315e-17,0.0,0.1388888888888889
