num_points,area,perimeter,aspect_ratio,compactness,bounding_box_area,centroid_x,centroid_y,acute_angle_count,obtuse_angle_count
0.0,0.3864832725889526,0.5744231066761114,0.09603514326184341,0.616488283189255,0.3351563690741266,0.6563779872070807,0.9999999999999999,1.0,0.0
