num_points,area,perimeter,aspect_ratio,compactness,bounding_box_area,centroid_x,centroid_y,acute_angle_count,obtuse_angle_count
0.030303030303030304,0.07146282330075866,0.24430100344734781,0.11705713930782825,0.7607027265261427,0.05591286551901409,0.27219796215429404,0.3505154639175258,0.0,0.0
