num_points,area,perimeter,aspect_ratio,compactness,bounding_box_area,centroid_x,centroid_y,acute_angle_count,obtuse_angle_count
0.030303030303030304,0.038979721800413814,0.16286733563156522,0.11705713930782825,0.7607027265261426,0.030497926646734955,0.2081513828238719,0.2680412371134021,0.0,0.0
