num_points,area,perimeter,aspect_ratio,compactness,bounding_box_area,centroid_x,centroid_y,acute_angle_count,obtuse_angle_count
0.9999999999999999,0.3148653447778342,0.520959963143596,0.1169257224254804,0.9999999999999996,0.3158674472298281,0.01734594856865604,8.263502163168104e-17,0.0,1.0
