num_points,area,perimeter,aspect_ratio,is_convex,compactness,bounding_box_area,centroid_x,centroid_y,acute_angle_count,obtuse_angle_count
0.09090909090909091,0.04985851893267106,0.14285356342212208,0.056308027932280486,1.0,0.8984419196814497,0.02858134338089971,0.26254633927743337,0.2239643246456502,0.0,0.16666666666666666
