num_points,area,perimeter,aspect_ratio,compactness,bounding_box_area,centroid_x,centroid_y,acute_angle_count,obtuse_angle_count
0.030303030303030304,0.13027077164200795,0.3562722966940489,0.11705713930782825,0.7607027265261426,0.10192449443570276,0.36026200873362446,0.4639175257731959,0.0,0.0
