num_points,area,perimeter,aspect_ratio,is_convex,compactness,bounding_box_area,centroid_x,centroid_y,acute_angle_count,obtuse_angle_count
0.15151515151515152,0.24726546338693986,0.35333879948092056,0.04600292809534999,1.0,0.939230279109293,0.13544313704495833,0.2596236820739028,0.3280958095084074,0.0,0.2222222222222222
