num_points,area,perimeter,aspect_ratio,compactness,bounding_box_area,centroid_x,centroid_y,acute_angle_count,obtuse_angle_count
0.030303030303030304,0.0602112065850014,0.4122245128701352,0.00249662097885151,0.21806893681448045,0.04698057432432433,0.0880640465793305,0.9278350515463917,0.0,0.0
