num_points,area,perimeter,aspect_ratio,compactness,bounding_box_area,centroid_x,centroid_y,acute_angle_count,obtuse_angle_count
0.06060606060606061,0.1795208272953644,0.40716833907891303,0.11066942819916024,0.8503715163524803,0.2056405967632369,2.844239480844651e-17,1.3622833408126934e-16,0.0,0.1388888888888889
