num_points,area,perimeter,aspect_ratio,compactness,bounding_box_area,centroid_x,centroid_y,acute_angle_count,obtuse_angle_count
0.0,0.09872465378620457,0.3562722966940489,0.13724741332839657,0.5565425591027707,0.15978009131094287,0.4803493449781659,0.35712387784925304,1.0,0.0
