num_points,area,perimeter,aspect_ratio,compactness,bounding_box_area,centroid_x,centroid_y,acute_angle_count,obtuse_angle_count
0.030303030303030304,0.05495058003808336,0.2392113992088614,0.3162596395334307,0.5945479764847076,0.04299360492560553,0.3842794759825327,0.1958762886597939,0.0,0.0
