num_points,area,perimeter,aspect_ratio,compactness,bounding_box_area,centroid_x,centroid_y,acute_angle_count,obtuse_angle_count
0.030303030303030304,0.06690885765456897,0.23410280977810147,0.11705713930782825,0.7605762327905327,0.052206503378378386,0.26419213973799127,0.3402061855670104,0.0,0.0
