num_points,area,perimeter,aspect_ratio,compactness,bounding_box_area,centroid_x,centroid_y,acute_angle_count,obtuse_angle_count
0.030303030303030304,0.3291902393026089,0.6209317170953425,0.1420832809067302,0.7472289796775096,0.30320433236381705,0.4697094419520577,0.7208386645759461,0.6666666666666666,0.05555555555555555
