num_points,area,perimeter,aspect_ratio,is_convex,compactness,bounding_box_area,centroid_x,centroid_y,acute_angle_count,obtuse_angle_count
0.15151515151515152,0.013365700723618357,0.22243729332029377,0.0682024715251553,0.0,0.029619915770426858,0.04451627581197927,0.09560173221348328,0.12720612587291374,0.42857142857142855,0.1111111111111111
