num_points,area,perimeter,aspect_ratio,compactness,bounding_box_area,centroid_x,centroid_y,acute_angle_count,obtuse_angle_count
0.9999999999999999,0.52188692447086,0.6966102496169884,0.11705713930782825,0.999999999999999,0.5225929054054054,6.00450557067204e-17,1.3022547276244675e-16,0.0,1.0
