num_points,area,perimeter,aspect_ratio,compactness,bounding_box_area,centroid_x,centroid_y,acute_angle_count,obtuse_angle_count
0.9999999999999999,0.44068482621523786,0.6327359717434233,0.11692572242548037,0.9999999999999989,0.4415029005934862,0.020459323952773747,1.289615322349487e-16,0.0,1.0
