num_points,area,perimeter,aspect_ratio,compactness,bounding_box_area,centroid_x,centroid_y,acute_angle_count,obtuse_angle_count
0.030303030303030304,0.029023154634792808,0.13231897943979648,0.11705713930782825,0.7605762327905327,0.02264569256756757,0.18413391557496367,0.23711340206185572,0.0,0.0
