num_points,area,perimeter,aspect_ratio,compactness,bounding_box_area,centroid_x,centroid_y,acute_angle_count,obtuse_angle_count
0.06060606060606061,0.06598190108011816,0.21629063946889807,0.11066942819916024,0.850230112008827,0.07686794911590675,7.616241276484009e-17,8.851262601822552e-17,0.0,0.1388888888888889
