num_points,area,perimeter,aspect_ratio,compactness,bounding_box_area,centroid_x,centroid_y,acute_angle_count,obtuse_angle_count
0.0,0.049573157380745955,0.2850178373552391,0.14142793003698892,0.38515213864741366,0.1153481271572808,0.12809315866084428,0.3011532962227718,0.6666666666666666,0.027777777777777776
