num_points,area,perimeter,aspect_ratio,compactness,bounding_box_area,centroid_x,centroid_y,acute_angle_count,obtuse_angle_count
0.9999999999999999,0.018821463752671956,0.07386286725185959,0.11705713930782825,0.9999999999999988,0.02027027027027027,7.821658572322789e-17,1.0542667667975425e-16,0.0,1.0
