num_points,area,perimeter,aspect_ratio,is_convex,compactness,bounding_box_area,centroid_x,centroid_y,acute_angle_count,obtuse_angle_count
0.030303030303030304,0.3466712951255315,0.48979288221465384,0.07825813179620737,1.0,0.6976871127518125,0.20312358951387513,0.207980018357938,0.29033600210081184,0.2857142857142857,0.05555555555555555
