num_points,area,perimeter,aspect_ratio,compactness,bounding_box_area,centroid_x,centroid_y,acute_angle_count,obtuse_angle_count
0.030303030303030304,0.118257515854587,0.3766001722517285,0.04191387642230841,0.6156638044073328,0.09227195945945947,0.22416302765647747,0.6804123711340206,0.0,0.0
