num_points,area,perimeter,aspect_ratio,compactness,bounding_box_area,centroid_x,centroid_y,acute_angle_count,obtuse_angle_count
0.06060606060606061,0.11242371687392007,0.305351491014915,0.11066942819916022,0.8502301120088269,0.12931038026393407,5.625273639892754e-17,1.0316299170400078e-16,0.0,0.1388888888888889
