num_points,area,perimeter,aspect_ratio,compactness,bounding_box_area,centroid_x,centroid_y,acute_angle_count,obtuse_angle_count
0.06060606060606061,0.0048742487198524835,0.02544595758457624,0.11066942819916024,0.850230112008827,0.007864750236923462,7.189605354357311e-17,9.583780886111315e-17,0.0,0.1388888888888889
