num_points,area,perimeter,aspect_ratio,is_convex,compactness,bounding_box_area,centroid_x,centroid_y,acute_angle_count,obtuse_angle_count
0.06060606060606061,0.06738540781490962,0.18927526271920564,0.09928183232688285,1.0,0.7475281399876567,0.041674811398448704,0.9783476159774802,0.942922020759589,0.2857142857142857,0.08333333333333333
