num_points,area,perimeter,aspect_ratio,compactness,bounding_box_area,centroid_x,centroid_y,acute_angle_count,obtuse_angle_count
0.030303030303030304,0.04250825702460585,0.19338927764277944,0.2125985417918953,0.6417761878291038,0.05239078583583559,0.11608442503639015,0.2589148114407085,0.6666666666666666,0.05555555555555555
