num_points,area,perimeter,aspect_ratio,is_convex,compactness,bounding_box_area,centroid_x,centroid_y,acute_angle_count,obtuse_angle_count
0.2727272727272727,0.15704698350251578,0.34941253493301916,0.07930224324005794,0.0,0.5703722828187339,0.08997970642846878,0.18352712822269945,0.21594310019315988,0.0,0.3333333333333333
