num_points,area,perimeter,aspect_ratio,compactness,bounding_box_area,centroid_x,centroid_y,acute_angle_count,obtuse_angle_count
0.030303030303030304,0.057038391580550546,0.23410280977810147,0.2125985417918953,0.641776187829104,0.06939677455035265,0.1320960698689957,0.2946271992256338,0.6666666666666666,0.05555555555555555
