num_points,area,perimeter,aspect_ratio,compactness,bounding_box_area,centroid_x,centroid_y,acute_angle_count,obtuse_angle_count
0.030303030303030304,0.08527751972239228,0.36645150517102176,0.345123882405061,0.443897100462649,0.1218892623984958,0.08615830551804743,0.3048271138719671,0.6666666666666666,0.05555555555555555
