num_points,area,perimeter,aspect_ratio,compactness,bounding_box_area,centroid_x,centroid_y,acute_angle_count,obtuse_angle_count
0.030303030303030304,0.2749463176517029,0.6005245989959994,0.2081105364117609,0.6493970626353867,0.3210960155506247,0.28459206567178325,0.622152162810498,0.6666666666666666,0.05555555555555555
