num_points,area,perimeter,aspect_ratio,compactness,bounding_box_area,centroid_x,centroid_y,acute_angle_count,obtuse_angle_count
0.9999999999999999,0.061748024713492555,0.18563803844560076,0.11705713930782825,0.9999999999999981,0.06313344594594596,6.794572093128887e-17,9.207347878907367e-17,0.0,1.0
