num_points,area,perimeter,aspect_ratio,compactness,bounding_box_area,centroid_x,centroid_y,acute_angle_count,obtuse_angle_count
0.030303030303030304,0.03896815167748405,0.16285412854128797,0.11705713930782825,0.7605762327905327,0.030405405405405407,0.20815138282387194,0.2680412371134021,0.0,0.0
