num_points,area,perimeter,aspect_ratio,compactness,bounding_box_area,centroid_x,centroid_y,acute_angle_count,obtuse_angle_count
0.0,0.03875009800013502,0.29519704583221196,0.02535296195743357,0.26601139457317613,0.06593131463677762,0.16011644832605534,0.4622727620838553,1.0,0.0
