num_points,area,perimeter,aspect_ratio,compactness,bounding_box_area,centroid_x,centroid_y,acute_angle_count,obtuse_angle_count
0.030303030303030304,0.5343799902619109,0.8244490257402703,0.15663168398487531,0.7303614496657598,0.5262395358688647,0.5399724423961986,0.9061778370340744,0.6666666666666666,0.05555555555555555
