num_points,area,perimeter,aspect_ratio,compactness,bounding_box_area,centroid_x,centroid_y,acute_angle_count,obtuse_angle_count
0.030303030303030304,0.09095268420096556,0.2850178373552391,0.11705713930782825,0.7607027265261425,0.07116182884238156,0.3042212518195051,0.3917525773195877,0.0,0.0
