num_points,area,perimeter,aspect_ratio,compactness,bounding_box_area,centroid_x,centroid_y,acute_angle_count,obtuse_angle_count
0.030303030303030304,0.18434706833690234,0.45806438146377726,0.17644126988019734,0.7017963303959316,0.197820397646696,0.2825235738901698,0.5293497263643927,0.6666666666666666,0.05555555555555555
