num_points,area,perimeter,aspect_ratio,is_convex,compactness,bounding_box_area,centroid_x,centroid_y,acute_angle_count,obtuse_angle_count
0.24242424242424246,0.07997144266298319,0.22839723778041465,0.1392410105005325,0.0,0.6284793749870516,0.05588213346610165,0.19420362945861755,0.26583042146154645,0.2857142857142857,0.25
