num_points,area,perimeter,aspect_ratio,compactness,bounding_box_area,centroid_x,centroid_y,acute_angle_count,obtuse_angle_count
0.030303030303030304,0.28530990817802887,0.5853044874259375,0.1948623598866611,0.7139375883689422,0.22322787976151837,0.6644832605531296,0.5360824742268041,0.0,0.0
