num_points,area,perimeter,aspect_ratio,compactness,bounding_box_area,centroid_x,centroid_y,acute_angle_count,obtuse_angle_count
0.030303030303030304,0.05765776250945438,0.2544802119243207,0.26016921876817845,0.5630572497288563,0.07683355411179882,0.10386582929098442,0.2804134912473607,0.6666666666666666,0.05555555555555555
