num_points,area,perimeter,aspect_ratio,compactness,bounding_box_area,centroid_x,centroid_y,acute_angle_count,obtuse_angle_count
0.9999999999999999,0.0778190524623712,0.21757380164381243,0.11705713930782825,0.9999999999999986,0.07918074324324324,5.6884789616893e-17,9.716041131885674e-17,0.0,1.0
