num_points,area,perimeter,aspect_ratio,compactness,bounding_box_area,centroid_x,centroid_y,acute_angle_count,obtuse_angle_count
0.9999999999999999,0.10509750745717841,0.26547744644113,0.11705713930782825,0.999999999999999,0.10641891891891893,8.058678529059844e-17,1.1242120890820597e-16,0.0,1.0
