num_points,area,perimeter,aspect_ratio,compactness,bounding_box_area,centroid_x,centroid_y,acute_angle_count,obtuse_angle_count
0.030303030303030304,0.5080487553774997,0.8346950951117718,0.19540798910017304,0.6709448782739871,0.5740733973079426,0.41365967936641457,0.852464456283746,0.6666666666666666,0.05555555555555555
