num_points,area,perimeter,aspect_ratio,compactness,bounding_box_area,centroid_x,centroid_y,acute_angle_count,obtuse_angle_count
0.030303030303030304,0.01765744372885996,0.09160544730447448,0.11705713930782825,0.7605762327905325,0.013777449324324327,0.1521106259097526,0.19587628865979387,0.0,0.0
