num_points,area,perimeter,aspect_ratio,compactness,bounding_box_area,centroid_x,centroid_y,acute_angle_count,obtuse_angle_count
0.030303030303030304,0.6080201354766033,0.9058760900109144,0.18003712818167295,0.6960075638358222,0.6541122415035578,0.49567206679044523,0.9463010474444531,0.6666666666666666,0.05555555555555555
