num_points,area,perimeter,aspect_ratio,is_convex,compactness,bounding_box_area,centroid_x,centroid_y,acute_angle_count,obtuse_angle_count
0.06060606060606061,0.130177436400217,0.2590648156157319,0.04942673827606617,1.0,0.8512367438155372,0.08052515981210769,0.9850125771066714,0.9999999999999999,0.0,0.1388888888888889
