num_points,area,perimeter,aspect_ratio,compactness,bounding_box_area,centroid_x,centroid_y,acute_angle_count,obtuse_angle_count
0.9999999999999999,0.38422588414822834,0.5848350784232474,0.11705713930782825,0.9999999999999983,0.38513513513513514,4.7403991347410843e-17,7.579529469376784e-17,0.0,1.0
