num_points,area,perimeter,aspect_ratio,compactness,bounding_box_area,centroid_x,centroid_y,acute_angle_count,obtuse_angle_count
0.06060606060606061,0.10512200133975735,0.2926522437129687,0.11066942819916024,0.8503715163524804,0.12139828109506152,5.688478961689302e-17,1.0692760270971883e-16,0.0,0.1388888888888889
