num_points,area,perimeter,aspect_ratio,compactness,bounding_box_area,centroid_x,centroid_y,acute_angle_count,obtuse_angle_count
0.06060606060606061,0.04457835580467808,0.1654121377508084,0.11066942819916024,0.8503715163524801,0.05284428399419901,4.266359221266976e-17,1.0692760270971883e-16,0.0,0.1388888888888889
