num_points,area,perimeter,aspect_ratio,compactness,bounding_box_area,centroid_x,centroid_y,acute_angle_count,obtuse_angle_count
0.030303030303030304,0.2616329392463184,0.6819516632666434,0.3265404958824421,0.4671825600252575,0.35977277892319026,0.1583379423731057,0.531165532882805,0.6666666666666666,0.05555555555555555
