num_points,area,perimeter,aspect_ratio,compactness,bounding_box_area,centroid_x,centroid_y,acute_angle_count,obtuse_angle_count
0.0,0.11857566585580719,0.41985830014550807,0.07815771594343497,0.49931876586163715,0.19031911645900654,0.408296943231441,0.49934712515321333,1.0,0.0
