num_points,area,perimeter,aspect_ratio,compactness,bounding_box_area,centroid_x,centroid_y,acute_angle_count,obtuse_angle_count
0.9999999999999999,0.6329038924729824,0.7764496576125182,0.11705713930782825,0.9999999999999979,0.6334459459459459,1.0428878096430385e-16,5.697364433357044e-17,0.0,1.0
