num_points,area,perimeter,aspect_ratio,is_convex,compactness,bounding_box_area,centroid_x,centroid_y,acute_angle_count,obtuse_angle_count
0.2727272727272727,0.10803941418258177,0.24737235113829964,0.037678099309172874,0.0,0.7559502038017647,0.052093514248060836,0.12192580151099204,0.2062601684810202,0.0,0.3333333333333333
