num_points,area,perimeter,aspect_ratio,compactness,bounding_box_area,centroid_x,centroid_y,acute_angle_count,obtuse_angle_count
0.9999999999999999,0.20977064871632212,0.40918838083308307,0.11705713930782825,0.9999999999999972,0.2109375,8.374705138042583e-17,1.0224734384863983e-16,0.0,1.0
