num_points,area,perimeter,aspect_ratio,compactness,bounding_box_area,centroid_x,centroid_y,acute_angle_count,obtuse_angle_count
0.030303030303030304,0.0720394670160882,0.26463795887959296,0.195407989100173,0.6708333099555341,0.08316448756022364,0.16186683105642316,0.33357304811103117,0.6666666666666666,0.05555555555555555
