num_points,area,perimeter,aspect_ratio,compactness,bounding_box_area,centroid_x,centroid_y,acute_angle_count,obtuse_angle_count
0.9999999999999999,0.6329031600414571,0.7764479828003451,0.1169257224254804,0.9999999999999976,0.6334400890095621,0.024462235160925196,1.2566423674968768e-16,0.0,1.0
