num_points,area,perimeter,aspect_ratio,compactness,bounding_box_area,centroid_x,centroid_y,acute_angle_count,obtuse_angle_count
0.0,0.014594810423680384,0.10433688688897147,0.13724741332839657,0.5565425591027707,0.028132882292415385,0.21615720524017468,0.16070574503216395,1.0,0.0
