num_points,area,perimeter,aspect_ratio,compactness,bounding_box_area,centroid_x,centroid_y,acute_angle_count,obtuse_angle_count
0.0,0.07865782565774244,0.3104406825318302,0.13724741332839657,0.5564500142164808,0.12802629209435298,0.4323144104803493,0.3214114900643278,1.0,0.0
