num_points,area,perimeter,aspect_ratio,compactness,bounding_box_area,centroid_x,centroid_y,acute_angle_count,obtuse_angle_count
0.030303030303030304,0.30588253912824726,0.6056629043798832,0.0719994309234658,0.7220986856930594,0.2393240077139618,0.44032023289665206,0.8659793814432989,0.0,0.0
