num_points,area,perimeter,aspect_ratio,compactness,bounding_box_area,centroid_x,centroid_y,acute_angle_count,obtuse_angle_count
0.030303030303030304,0.5156015631898487,0.7939782612038805,0.1327814745977595,0.7578395967380545,0.40340920680811393,0.7445414847161572,0.8556701030927835,0.0,0.0
