num_points,area,perimeter,aspect_ratio,compactness,bounding_box_area,centroid_x,centroid_y,acute_angle_count,obtuse_angle_count
0.030303030303030304,0.012786424769174454,0.0712486812368135,0.11705713930782825,0.7605762327905327,0.00997677364864865,0.13609898107714707,0.17525773195876293,0.0,0.0
