num_points,area,perimeter,aspect_ratio,is_convex,compactness,bounding_box_area,centroid_x,centroid_y,acute_angle_count,obtuse_angle_count
0.030303030303030304,0.015593317510888102,0.14285625731260737,0.5121933401212626,1.0,0.2293705324219665,0.006630083631571386,0.06349621286398724,0.04848131698454195,0.0,0.0
