num_points,area,perimeter,aspect_ratio,is_convex,compactness,bounding_box_area,centroid_x,centroid_y,acute_angle_count,obtuse_angle_count
0.9999999999999999,0.026472232502255073,0.13882453721467425,0.25372098794293263,0.0,0.4672212109107463,0.014626582353739606,0.2505395985870863,0.18203750622000164,0.0,0.9444444444444444
