num_points,area,perimeter,aspect_ratio,compactness,bounding_box_area,centroid_x,centroid_y,acute_angle_count,obtuse_angle_count
0.0,0.15816079189615065,0.3772483017848818,0.08981555301843373,0.33285529700823996,0.13544313704495828,0.22184045665635543,0.15475352075118753,1.0,0.0
