num_points,area,perimeter,aspect_ratio,compactness,bounding_box_area,centroid_x,centroid_y,acute_angle_count,obtuse_angle_count
0.030303030303030304,0.041145261900436804,0.25956981616280705,0.6282290723580094,0.3720646129184563,0.03219225590488689,0.4723435225618631,0.12371134020618565,0.0,0.0
