num_points,area,perimeter,aspect_ratio,compactness,bounding_box_area,centroid_x,centroid_y,acute_angle_count,obtuse_angle_count
0.030303030303030304,0.13638853087119418,0.3664217892178979,0.11705713930782825,0.7605762327905327,0.10641891891891893,0.3682678311499272,0.4742268041237114,0.0,0.0
