num_points,area,perimeter,aspect_ratio,compactness,bounding_box_area,centroid_x,centroid_y,acute_angle_count,obtuse_angle_count
0.030303030303030304,0.29409479859654486,0.7125445933880978,0.3095736495063943,0.48990040070228524,0.3994309332207532,0.1797532574250269,0.5729141199661834,0.6666666666666666,0.05555555555555555
