num_points,area,perimeter,aspect_ratio,compactness,bounding_box_area,centroid_x,centroid_y,acute_angle_count,obtuse_angle_count
0.030303030303030304,0.45732397965751576,0.7837354936049484,0.19140793361062544,0.6774960114127959,0.5098679706009382,0.40215016267405435,0.8128739945586447,0.6666666666666666,0.05555555555555555
