num_points,area,perimeter,aspect_ratio,compactness,bounding_box_area,centroid_x,centroid_y,acute_angle_count,obtuse_angle_count
0.030303030303030304,0.3230955806131856,0.7226651954019654,0.2796798694443975,0.5328136035771233,0.4243191658421033,0.21455941028694137,0.6205642357079272,0.6666666666666666,0.05555555555555555
