num_points,area,perimeter,aspect_ratio,is_convex,compactness,bounding_box_area,centroid_x,centroid_y,acute_angle_count,obtuse_angle_count
0.15151515151515152,0.04677995253266428,0.3149772542798576,0.03648883805400478,0.0,0.13641837976616858,0.03883334698491806,0.15920476878516346,0.22917026674123375,0.5714285714285714,0.05555555555555555
