num_points,area,perimeter,aspect_ratio,compactness,bounding_box_area,centroid_x,centroid_y,acute_angle_count,obtuse_angle_count
0.030303030303030304,0.07325847116896192,0.284994724947254,0.23725634292021586,0.6002119109225131,0.092974747896998,0.12972711033861925,0.32090492456682157,0.6666666666666666,0.05555555555555555
