num_points,area,perimeter,aspect_ratio,compactness,bounding_box_area,centroid_x,centroid_y,acute_angle_count,obtuse_angle_count
0.0,0.058198890188117844,0.3053762543091848,0.23125512435095383,0.40594949326288365,0.0963649765573917,0.32023289665211063,0.21993127147766328,0.6666666666666666,0.0
