num_points,area,perimeter,aspect_ratio,compactness,bounding_box_area,centroid_x,centroid_y,acute_angle_count,obtuse_angle_count
0.030303030303030304,0.08587719959153668,0.27483862887826627,0.11705713930782825,0.7607027265261426,0.06719074464358794,0.29621542940320233,0.3814432989690722,0.0,0.0
