num_points,area,perimeter,aspect_ratio,compactness,bounding_box_area,centroid_x,centroid_y,acute_angle_count,obtuse_angle_count
0.030303030303030304,0.16284798317062343,0.42749208742088096,0.18003712818167292,0.6960075638358224,0.1766407970655172,0.2603530047788198,0.4970470148193088,0.6666666666666666,0.05555555555555555
