num_points,area,perimeter,aspect_ratio,compactness,bounding_box_area,centroid_x,centroid_y,acute_angle_count,obtuse_angle_count
0.0,0.07933948935091707,0.39950153407784705,0.14207881426715863,0.3391284456434839,0.20526242017512009,0.602802037845706,0.397607283757693,0.6666666666666666,0.027777777777777776
