num_points,area,perimeter,aspect_ratio,compactness,bounding_box_area,centroid_x,centroid_y,acute_angle_count,obtuse_angle_count
0.030303030303030304,0.05887562146937503,0.44279556874831794,0.0,0.17437919989289807,0.046064576706005916,0.0800582241630277,0.9999999999999999,0.0,0.0
