num_points,area,perimeter,aspect_ratio,compactness,bounding_box_area,centroid_x,centroid_y,acute_angle_count,obtuse_angle_count
0.0,0.068638895544759,0.3918995263634538,0.3383967030849604,0.29394001964408334,0.13145719721393193,0.3231980160655561,0.2127283432941447,0.6666666666666666,0.027777777777777776
