num_points,area,perimeter,aspect_ratio,compactness,bounding_box_area,centroid_x,centroid_y,acute_angle_count,obtuse_angle_count
0.06060606060606061,0.1199894262137625,0.3180744698072031,0.11066942819916022,0.8502301120088271,0.13785363345847487,8.469513120737404e-17,1.0316299170400078e-16,0.0,0.1388888888888889
