num_points,area,perimeter,aspect_ratio,compactness,bounding_box_area,centroid_x,centroid_y,acute_angle_count,obtuse_angle_count
0.030303030303030304,0.29144930108784944,0.5801678329283384,0.15756085814085802,0.744575879882206,0.2274070945945946,0.6084425036390102,0.5979381443298969,0.0,0.0
