num_points,area,perimeter,aspect_ratio,compactness,bounding_box_area,centroid_x,centroid_y,acute_angle_count,obtuse_angle_count
0.9999999999999999,0.4026217898140065,0.6007999692863304,0.1169257224254804,0.9999999999999972,0.4034955365506989,0.019569788128740155,9.414225832907832e-17,0.0,1.0
