num_points,area,perimeter,aspect_ratio,compactness,bounding_box_area,centroid_x,centroid_y,acute_angle_count,obtuse_angle_count
0.030303030303030304,0.17616851904195915,0.42749208742088096,0.11705713930782825,0.7605762327905327,0.13745777027027026,0.41630276564774377,0.5360824742268041,0.0,0.0
