num_points,area,perimeter,aspect_ratio,compactness,bounding_box_area,centroid_x,centroid_y,acute_angle_count,obtuse_angle_count
0.0,0.11888786767770769,0.49365157714077923,0.33089877373109616,0.3550881937349285,0.1908063154948631,1.0,0.25788016527714863,1.0,0.0
