num_points,area,perimeter,aspect_ratio,is_convex,compactness,bounding_box_area,centroid_x,centroid_y,acute_angle_count,obtuse_angle_count
0.09090909090909091,0.08687705470351934,0.2123073418453899,0.11260155838476638,1.0,0.7974680583647157,0.04641058542099967,0.2981648974000201,0.22978098110805345,0.0,0.16666666666666666
