num_points,area,perimeter,aspect_ratio,compactness,bounding_box_area,centroid_x,centroid_y,acute_angle_count,obtuse_angle_count
0.06060606060606061,0.01605298435065034,0.0763440635772962,0.11066942819916023,0.8503715163524801,0.02054480459090799,5.404055013604837e-17,1.1425278555260646e-16,0.0,0.1388888888888889
