num_points,area,perimeter,aspect_ratio,compactness,bounding_box_area,centroid_x,centroid_y,acute_angle_count,obtuse_angle_count
0.030303030303030304,0.1894847587520116,0.554766861995019,0.4365864767683963,0.49204233218684684,0.14825381008829494,0.8005822416302765,0.2989690721649485,0.0,0.0
