num_points,area,perimeter,aspect_ratio,is_convex,compactness,bounding_box_area,centroid_x,centroid_y,acute_angle_count,obtuse_angle_count
0.9999999999999999,0.16713439693254678,0.4732496583541677,0.3841000382772442,0.0,0.3035589784067546,0.09095574892352493,0.29143328734731494,0.20714147730161372,0.0,0.9444444444444444
