num_points,area,perimeter,aspect_ratio,compactness,bounding_box_area,centroid_x,centroid_y,acute_angle_count,obtuse_angle_count
0.030303030303030304,0.01815006434264122,0.10179208476972826,0.18372725336489867,0.6901998258599341,0.021818190325885327,0.0975539677819213,0.18979481514483312,0.6666666666666666,0.05555555555555555
