num_points,area,perimeter,aspect_ratio,compactness,bounding_box_area,centroid_x,centroid_y,acute_angle_count,obtuse_angle_count
0.9999999999999999,0.14738968574370115,0.3293489728375535,0.11705713930782825,0.999999999999999,0.14864864864864866,8.374705138042583e-17,1.0224734384863983e-16,0.0,1.0
