num_points,area,perimeter,aspect_ratio,compactness,bounding_box_area,centroid_x,centroid_y,acute_angle_count,obtuse_angle_count
0.9999999999999999,0.7800802341262184,0.8722559901716251,0.1169257224254804,0.9999999999999984,0.780401896641673,0.027130842633026033,6.479675124934886e-17,0.0,1.0
