num_points,area,perimeter,aspect_ratio,is_convex,compactness,bounding_box_area,centroid_x,centroid_y,acute_angle_count,obtuse_angle_count
0.15151515151515152,0.08130801273534505,0.21803928013312018,0.09040201495496063,0.0,0.7026017994749886,0.05588213346610166,0.17807051799425028,0.23222778570284747,0.0,0.2222222222222222
