num_points,area,perimeter,aspect_ratio,compactness,bounding_box_area,centroid_x,centroid_y,acute_angle_count,obtuse_angle_count
0.9999999999999999,0.7045891346686386,0.8243533024098352,0.11705713930782825,0.9999999999999997,0.7050253378378378,3.476292698810128e-17,1.6583400047092826e-16,0.0,1.0
