num_points,area,perimeter,aspect_ratio,compactness,bounding_box_area,centroid_x,centroid_y,acute_angle_count,obtuse_angle_count
0.030303030303030304,0.0467135079917524,0.1934049610624837,0.1729355846451769,0.7072171321115612,0.05086025304169668,0.15276242669513224,0.2809390309566118,0.6666666666666666,0.05555555555555555
