num_points,area,perimeter,aspect_ratio,compactness,bounding_box_area,centroid_x,centroid_y,acute_angle_count,obtuse_angle_count
0.06060606060606061,0.06029641762628518,0.20358416953945654,0.1106694281991602,0.8503715163524801,0.07064195631846137,5.404055013604837e-17,1.2157796839549409e-16,0.0,0.1388888888888889
