num_points,area,perimeter,aspect_ratio,compactness,bounding_box_area,centroid_x,centroid_y,acute_angle_count,obtuse_angle_count
0.0,0.04398753328171698,0.27992823311675274,0.040925149279077894,0.3468239543856738,0.07412690504414746,0.13343037360504614,0.4123711340206186,0.6666666666666666,0.0
