num_points,area,perimeter,aspect_ratio,compactness,bounding_box_area,centroid_x,centroid_y,acute_angle_count,obtuse_angle_count
0.030303030303030304,0.13758802945641185,0.3766001722517285,0.15663168398487534,0.7303614496657596,0.13650655354056968,0.27888686585298167,0.4680259158307857,0.6666666666666666,0.05555555555555555
