num_points,area,perimeter,aspect_ratio,compactness,bounding_box_area,centroid_x,centroid_y,acute_angle_count,obtuse_angle_count
0.0,0.3501835029067752,0.6204489699979346,0.20089839276357613,0.3432829291547054,0.29873444850225883,0.2942542447788451,0.2910007361305762,0.6666666666666666,0.0
