num_points,area,perimeter,aspect_ratio,is_convex,compactness,bounding_box_area,centroid_x,centroid_y,acute_angle_count,obtuse_angle_count
0.2727272727272727,0.06905612040536147,0.3265285881431024,0.01270361295064194,0.0,0.22937053242196612,0.06724799112022402,0.193619344105946,0.28425212323907567,0.0,0.0
