num_points,area,perimeter,aspect_ratio,compactness,bounding_box_area,centroid_x,centroid_y,acute_angle_count,obtuse_angle_count
0.030303030303030304,0.046231452703653274,0.23410280977810147,0.2940121200998595,0.5117048401497613,0.0647977907453911,0.08066885845952264,0.24472384959974736,0.6666666666666666,0.05555555555555555
