num_points,area,perimeter,aspect_ratio,compactness,bounding_box_area,centroid_x,centroid_y,acute_angle_count,obtuse_angle_count
0.9999999999999999,0.8593785071973113,0.9201605920044711,0.11705713930782825,0.9999999999999972,0.8595861486486487,8.848745051516691e-17,1.1598206167905414e-16,0.0,1.0
