num_points,area,perimeter,aspect_ratio,compactness,bounding_box_area,centroid_x,centroid_y,acute_angle_count,obtuse_angle_count
0.06060606060606061,0.009998619797142413,0.05089604238486414,0.1106694281991602,0.8503715163524801,0.01368940488082173,5.546266987647069e-17,1.1425278555260646e-16,0.0,0.1388888888888889
