num_points,area,perimeter,aspect_ratio,compactness,bounding_box_area,centroid_x,centroid_y,acute_angle_count,obtuse_angle_count
0.06060606060606061,0.07193942638303122,0.2290321907318886,0.11066942819916024,0.8503715163524803,0.08382541729939648,4.8352071174359064e-17,9.227723702394357e-17,0.0,0.1388888888888889
