num_points,area,perimeter,aspect_ratio,is_convex,compactness,bounding_box_area,centroid_x,centroid_y,acute_angle_count,obtuse_angle_count
0.9999999999999999,0.5480668729692701,0.6712030071783462,0.18979559499750476,1.0,0.5963984711930151,0.2976656238427131,0.29425957845340694,0.3021729856792835,0.0,1.0
