num_points,area,perimeter,aspect_ratio,compactness,bounding_box_area,centroid_x,centroid_y,acute_angle_count,obtuse_angle_count
0.0,0.28618095709788793,0.6615948971989825,0.13724741332839652,0.5564500142164808,0.4518715180449951,0.8005822416302765,0.5952064630820884,1.0,0.0
