num_points,area,perimeter,aspect_ratio,compactness,bounding_box_area,centroid_x,centroid_y,acute_angle_count,obtuse_angle_count
0.0,0.04598676968241387,0.3333420443579488,0.023451988418975687,0.2521735379042619,0.0770422623577548,0.16812227074235814,0.5103873729685181,1.0,0.0
