num_points,area,perimeter,aspect_ratio,compactness,bounding_box_area,centroid_x,centroid_y,acute_angle_count,obtuse_angle_count
0.030303030303030304,0.12421098347198041,0.3460650231502369,0.11705713930782825,0.7605762327905327,0.09691722972972974,0.3522561863173217,0.45360824742268047,0.0,0.0
