num_points,area,perimeter,aspect_ratio,is_convex,compactness,bounding_box_area,centroid_x,centroid_y,acute_angle_count,obtuse_angle_count
0.12121212121212122,0.015593317510888029,0.156261362981516,0.046002928095349976,0.0,0.18364420182039495,0.014207322067652914,0.14886036248375445,0.26402212091401506,0.5714285714285714,0.027777777777777776
