num_points,area,perimeter,aspect_ratio,is_convex,compactness,bounding_box_area,centroid_x,centroid_y,acute_angle_count,obtuse_angle_count
0.2727272727272727,0.0779665875544405,0.3673446616609902,0.023803384665544627,0.0,0.19848901483732137,0.08997970642846877,0.22918103694403666,0.35869193391510734,0.0,0.0
