num_points,area,perimeter,aspect_ratio,is_convex,compactness,bounding_box_area,centroid_x,centroid_y,acute_angle_count,obtuse_angle_count
0.21212121212121213,0.07317721146181058,0.3397246705508946,0.053402775905285096,0.0,0.22440186299624823,0.08429677760140761,0.22594530442847857,0.23441405004093369,0.7142857142857142,0.1388888888888889
