num_points,area,perimeter,aspect_ratio,is_convex,compactness,bounding_box_area,centroid_x,centroid_y,acute_angle_count,obtuse_angle_count
0.3939393939393939,0.05123518610720381,0.23789351001729203,0.04600292809534999,0.0,0.3347614172781751,0.05967075268414247,0.12806975067477708,0.2163757974676001,0.0,0.25
