num_points,area,perimeter,aspect_ratio,compactness,bounding_box_area,centroid_x,centroid_y,acute_angle_count,obtuse_angle_count
0.030303030303030304,0.2522883653199774,0.5598110668606774,0.1914079336106254,0.6774960114127959,0.28227508901597803,0.3004570180898107,0.6073196511070335,0.6666666666666666,0.05555555555555555
