num_points,area,perimeter,aspect_ratio,compactness,bounding_box_area,centroid_x,centroid_y,acute_angle_count,obtuse_angle_count
0.9999999999999999,0.23768348638542713,0.4411241440312945,0.11705713930782825,0.999999999999999,0.23880912162162163,8.848745051516691e-17,6.613012288717999e-17,0.0,1.0
