num_points,area,perimeter,aspect_ratio,is_convex,compactness,bounding_box_area,centroid_x,centroid_y,acute_angle_count,obtuse_angle_count
0.030303030303030304,0.04101042505363576,0.3673514695549494,0.9999999999999993,1.0,0.05236262708049824,0.023356856422317582,0.23037932867090494,0.13000768102088653,0.2857142857142857,0.05555555555555555
