num_points,area,perimeter,aspect_ratio,compactness,bounding_box_area,centroid_x,centroid_y,acute_angle_count,obtuse_angle_count
0.030303030303030304,0.22088509020234492,0.4886020068946957,0.11705713930782825,0.7607027265261427,0.17282158433149808,0.46433770014556036,0.5979381443298969,0.0,0.0
