num_points,area,perimeter,aspect_ratio,compactness,bounding_box_area,centroid_x,centroid_y,acute_angle_count,obtuse_angle_count
0.9999999999999999,0.5009522962190311,0.6806423680178827,0.11705713930782825,0.9999999999999981,0.5016891891891893,7.584638615585735e-17,1.6176445444710181e-16,0.0,1.0
