num_points,area,perimeter,aspect_ratio,compactness,bounding_box_area,centroid_x,centroid_y,acute_angle_count,obtuse_angle_count
0.0,0.08256121631337648,0.3460930882170761,0.10044652330155544,0.4785126546121866,0.1344873848658104,0.2561863173216885,0.37800687285223367,0.6666666666666666,0.0
