num_points,area,perimeter,aspect_ratio,compactness,bounding_box_area,centroid_x,centroid_y,acute_angle_count,obtuse_angle_count
0.030303030303030304,0.0466996422942825,0.19338927764277944,0.1729355846451769,0.7070995322478975,0.05070595882359263,0.15276242669513226,0.2809390309566118,0.6666666666666666,0.05555555555555555
