num_points,area,perimeter,aspect_ratio,compactness,bounding_box_area,centroid_x,centroid_y,acute_angle_count,obtuse_angle_count
0.030303030303030304,0.020295912332022943,0.10178383033830499,0.11705713930782825,0.7605762327905327,0.01583614864864865,0.16011644832605537,0.20618556701030932,0.0,0.0
