num_points,area,perimeter,aspect_ratio,compactness,bounding_box_area,centroid_x,centroid_y,acute_angle_count,obtuse_angle_count
0.030303030303030304,0.02928184240807978,0.16286733563156522,0.25413437632658226,0.5726930500885002,0.040275012592098064,0.08000059538345108,0.21121937725541012,0.6666666666666666,0.05555555555555555
