num_points,area,perimeter,aspect_ratio,compactness,bounding_box_area,centroid_x,centroid_y,acute_angle_count,obtuse_angle_count
0.030303030303030304,0.2729123678246018,0.5649002583775927,0.07522637555576761,0.7282815090173319,0.21294341216216217,0.42430858806404653,0.8041237113402061,0.0,0.0
