num_points,area,perimeter,aspect_ratio,compactness,bounding_box_area,centroid_x,centroid_y,acute_angle_count,obtuse_angle_count
0.030303030303030304,0.24388921318980902,0.5801678329283384,0.040123759910354204,0.6057086194556185,0.1902977195945946,0.31222707423580787,0.979381443298969,0.0,0.0
