num_points,area,perimeter,aspect_ratio,compactness,bounding_box_area,centroid_x,centroid_y,acute_angle_count,obtuse_angle_count
0.030303030303030304,0.05117829511146084,0.21376337801642933,0.1995213558977793,0.6640382566541995,0.06062468587745712,0.13550890799768167,0.28475466236947844,0.6666666666666666,0.05555555555555555
