num_points,area,perimeter,aspect_ratio,compactness,bounding_box_area,centroid_x,centroid_y,acute_angle_count,obtuse_angle_count
0.030303030303030304,0.049096673991424825,0.15510107936797368,0.08981555301843382,0.6914022088302172,0.020875291891404763,0.0798134144115035,0.06182275191135385,0.0,0.0
