num_points,area,perimeter,aspect_ratio,is_convex,compactness,bounding_box_area,centroid_x,centroid_y,acute_angle_count,obtuse_angle_count
0.09090909090909091,0.15816079189615076,0.31042874000340365,0.1348011018145714,1.0,0.7377383064536469,0.07861384877434646,0.3784342776366844,0.2373141917372527,0.0,0.16666666666666666
