num_points,area,perimeter,aspect_ratio,compactness,bounding_box_area,centroid_x,centroid_y,acute_angle_count,obtuse_angle_count
0.030303030303030304,0.27651529463049296,0.569989449894508,0.1597404074767874,0.7262255992058453,0.276679693043034,0.38274183382595245,0.6540543498137015,0.6666666666666666,0.05555555555555555
