num_points,area,perimeter,aspect_ratio,compactness,bounding_box_area,centroid_x,centroid_y,acute_angle_count,obtuse_angle_count
0.030303030303030304,0.04252087824830092,0.1934049610624837,0.2125985417918953,0.6418829235696175,0.05255020684914331,0.11608442503639012,0.2589148114407085,0.6666666666666666,0.05555555555555555
