num_points,area,perimeter,aspect_ratio,compactness,bounding_box_area,centroid_x,centroid_y,acute_angle_count,obtuse_angle_count
0.030303030303030304,0.1884813725233864,0.4732948110731182,0.0553284987439766,0.675506836662651,0.14706503378378377,0.31222707423580787,0.7628865979381443,0.0,0.0
