num_points,area,perimeter,aspect_ratio,compactness,bounding_box_area,centroid_x,centroid_y,acute_angle_count,obtuse_angle_count
0.9999999999999999,0.4214430010403687,0.6167708416214592,0.11705713930782825,0.9999999999999988,0.4222972972972973,7.900665224568474e-17,1.0936904939033614e-16,0.0,1.0
