num_points,area,perimeter,aspect_ratio,compactness,bounding_box_area,centroid_x,centroid_y,acute_angle_count,obtuse_angle_count
0.06060606060606061,0.012909371986328922,0.06362005298108017,0.11066942819916024,0.8503715163524804,0.016985270126055507,5.2618430395626043e-17,9.96024198668312e-17,0.0,0.1388888888888889
