num_points,area,perimeter,aspect_ratio,compactness,bounding_box_area,centroid_x,centroid_y,acute_angle_count,obtuse_angle_count
0.9999999999999999,0.5432435631852226,0.7125759778861578,0.1169257224254804,0.9999999999999972,0.5439116314865521,0.022683163512857894,1.6997297760508782e-16,0.0,1.0
