num_points,area,perimeter,aspect_ratio,compactness,bounding_box_area,centroid_x,centroid_y,acute_angle_count,obtuse_angle_count
0.030303030303030304,0.32319151166007476,0.7227238018650707,0.2796798694443975,0.5329022174204101,0.4256103354686938,0.21455941028694134,0.6205642357079272,0.6666666666666666,0.05555555555555555
