num_points,area,perimeter,aspect_ratio,compactness,bounding_box_area,centroid_x,centroid_y,acute_angle_count,obtuse_angle_count
0.9999999999999999,0.048531112993877384,0.1320713893719465,0.08981555301843384,0.9999999999999993,0.02667187929500717,0.12905325990611516,0.09218434578010193,0.0,1.0
