num_points,area,perimeter,aspect_ratio,compactness,bounding_box_area,centroid_x,centroid_y,acute_angle_count,obtuse_angle_count
0.030303030303030304,0.22081952617240963,0.4885623856238639,0.11705713930782825,0.7605762327905327,0.17229729729729729,0.46433770014556036,0.5979381443298969,0.0,0.0
