num_points,area,perimeter,aspect_ratio,is_convex,compactness,bounding_box_area,centroid_x,centroid_y,acute_angle_count,obtuse_angle_count
0.030303030303030304,0.020921776866037304,0.10203883684947689,0.12039446970423576,1.0,0.6286092358582326,0.01258674019713602,0.11064684794883492,0.04578170602990949,0.2857142857142857,0.05555555555555555
