num_points,area,perimeter,aspect_ratio,compactness,bounding_box_area,centroid_x,centroid_y,acute_angle_count,obtuse_angle_count
0.030303030303030304,0.04682980466299715,0.21376337801642933,0.03993642213584737,0.6047368149197672,0.036639870207535744,0.1441048034934498,0.45360824742268047,0.0,0.0
