num_points,area,perimeter,aspect_ratio,is_convex,compactness,bounding_box_area,centroid_x,centroid_y,acute_angle_count,obtuse_angle_count
0.3939393939393939,0.13922604920435797,0.3434351593570289,0.02380338466554457,0.0,0.5124701969156876,0.08997970642846874,0.14151902248235299,0.1591053221596738,0.0,0.4444444444444444
