num_points,area,perimeter,aspect_ratio,is_convex,compactness,bounding_box_area,centroid_x,centroid_y,acute_angle_count,obtuse_angle_count
0.21212121212121213,0.10581179739531203,0.2685579512473267,0.06265258566770397,0.0,0.6249454346188364,0.07482522955630552,0.16256338306817233,0.20904988707457928,0.14285714285714285,0.25
