num_points,area,perimeter,aspect_ratio,compactness,bounding_box_area,centroid_x,centroid_y,acute_angle_count,obtuse_angle_count
0.0,0.07868118013243706,0.31046585854767117,0.13724741332839657,0.5565425591027707,0.128415865964836,0.4323144104803493,0.3214114900643278,1.0,0.0
