num_points,area,perimeter,aspect_ratio,compactness,bounding_box_area,centroid_x,centroid_y,acute_angle_count,obtuse_angle_count
0.06060606060606061,0.05482420351061457,0.19086015894324052,0.11066942819916026,0.8503715163524803,0.06444572965742187,5.119631065520371e-17,9.227723702394357e-17,0.0,0.1388888888888889
