num_points,area,perimeter,aspect_ratio,compactness,bounding_box_area,centroid_x,centroid_y,acute_angle_count,obtuse_angle_count
0.0,0.1952254708752163,0.5522220598757759,0.09063275076590195,0.5150878513490633,0.3107855220833822,0.6251116314719883,0.594617263771364,1.0,0.0
