num_points,area,perimeter,aspect_ratio,compactness,bounding_box_area,centroid_x,centroid_y,acute_angle_count,obtuse_angle_count
0.9999999999999999,0.8325226398345817,0.9041919926287192,0.1169257224254804,0.9999999999999971,0.8327675982117356,0.028020378457059715,1.9779382298003262e-16,0.0,1.0
