num_points,area,perimeter,aspect_ratio,compactness,bounding_box_area,centroid_x,centroid_y,acute_angle_count,obtuse_angle_count
0.030303030303030304,0.4630928974285665,0.7633787275372874,0.15974040747678742,0.7262255992058452,0.4623864598393585,0.492925089018272,0.8423427232449185,0.6666666666666666,0.05555555555555555
