num_points,area,perimeter,aspect_ratio,is_convex,compactness,bounding_box_area,centroid_x,centroid_y,acute_angle_count,obtuse_angle_count
0.9999999999999999,0.04128981272331594,0.11926491063936616,0.046002928095349976,1.0,0.9999999999999996,0.022731715308244752,0.10755365349603521,0.12613368535928207,0.0,1.0
