num_points,area,perimeter,aspect_ratio,compactness,bounding_box_area,centroid_x,centroid_y,acute_angle_count,obtuse_angle_count
0.0,0.0443803949660235,0.3257082570825759,0.4340148120805849,0.2538701713762256,0.07453547297297299,0.3842794759825327,0.14432989690721656,0.6666666666666666,0.0
