num_points,area,perimeter,aspect_ratio,compactness,bounding_box_area,centroid_x,centroid_y,acute_angle_count,obtuse_angle_count
0.9999999999999999,0.6563753658222167,0.7924159840288914,0.1169257224254804,0.999999999999999,0.6568779635026143,0.02490700307294196,1.1636747792126172e-16,0.0,1.0
