num_points,area,perimeter,aspect_ratio,compactness,bounding_box_area,centroid_x,centroid_y,acute_angle_count,obtuse_angle_count
0.0,1.0,0.9999999999999999,0.16336108002731892,0.33925999197476603,0.9999999999999999,0.9999999999999999,0.7142167328178571,1.0,0.0
