num_points,area,perimeter,aspect_ratio,compactness,bounding_box_area,centroid_x,centroid_y,acute_angle_count,obtuse_angle_count
0.030303030303030304,0.1624155075017242,0.40716833907891303,0.11705713930782825,0.7607027265261427,0.12707469436139565,0.40029112081513823,0.5154639175257733,0.0,0.0
