num_points,area,perimeter,aspect_ratio,is_convex,compactness,bounding_box_area,centroid_x,centroid_y,acute_angle_count,obtuse_angle_count
0.21212121212121213,0.04802741793353536,0.2501110357208916,0.055517018136695045,0.0,0.2725193674193589,0.052093514248060815,0.21405079192223322,0.22537442019660875,0.7142857142857142,0.1388888888888889
