num_points,area,perimeter,aspect_ratio,compactness,bounding_box_area,centroid_x,centroid_y,acute_angle_count,obtuse_angle_count
0.030303030303030304,0.4768507122416983,0.8549841748417619,0.2426893451478656,0.5912248012801933,0.593868340967537,0.31021109834758576,0.7839958502190212,0.6666666666666666,0.05555555555555555
