num_points,area,perimeter,aspect_ratio,compactness,bounding_box_area,centroid_x,centroid_y,acute_angle_count,obtuse_angle_count
0.06060606060606061,0.04456512387194886,0.1653987242997456,0.11066942819916024,0.8502301120088269,0.052683970842129765,6.478545484146148e-17,8.851262601822552e-17,0.0,0.1388888888888889
