num_points,area,perimeter,aspect_ratio,compactness,bounding_box_area,centroid_x,centroid_y,acute_angle_count,obtuse_angle_count
0.030303030303030304,0.10022390275418899,0.31555546278615765,0.06587596954060111,0.7079434711330344,0.07841567597884457,0.24818049490538574,0.5257731958762887,0.0,0.0
