num_points,area,perimeter,aspect_ratio,compactness,bounding_box_area,centroid_x,centroid_y,acute_angle_count,obtuse_angle_count
0.0,0.28626592773958487,0.6616485510032337,0.13724741332839652,0.5565425591027706,0.45324652729790765,0.8005822416302765,0.5952064630820884,1.0,0.0
