num_points,area,perimeter,aspect_ratio,compactness,bounding_box_area,centroid_x,centroid_y,acute_angle_count,obtuse_angle_count
0.9999999999999999,0.22351405741487848,0.42515195577231535,0.11692572242548037,0.9999999999999989,0.2246497735271385,0.014677341096555087,5.3463801354859413e-17,0.0,1.0
