num_points,area,perimeter,aspect_ratio,compactness,bounding_box_area,centroid_x,centroid_y,acute_angle_count,obtuse_angle_count
0.030303030303030304,0.12705241119846364,0.4529380450054572,0.4745464837906561,0.46435086236140843,0.09913429054054054,0.6885007278020379,0.23711340206185572,0.0,0.0
