num_points,area,perimeter,aspect_ratio,compactness,bounding_box_area,centroid_x,centroid_y,acute_angle_count,obtuse_angle_count
0.9999999999999999,0.8325229739853699,0.9041927104053653,0.11705713930782825,0.9999999999999977,0.8327702702702703,0.0,1.8312957107219074e-16,0.0,1.0
