num_points,area,perimeter,aspect_ratio,compactness,bounding_box_area,centroid_x,centroid_y,acute_angle_count,obtuse_angle_count
0.9999999999999999,0.7800806729100817,0.8722569472071531,0.11705713930782825,0.9999999999999988,0.7804054054054055,8.216691833551213e-17,3.560852770848153e-17,0.0,1.0
