num_points,area,perimeter,aspect_ratio,compactness,bounding_box_area,centroid_x,centroid_y,acute_angle_count,obtuse_angle_count
0.9999999999999999,0.04081148268896749,0.13772793365847336,0.11692572242548042,0.9999999999999989,0.04221442612175934,0.0066715186802523635,1.2924067473043127e-16,0.0,1.0
