num_points,area,perimeter,aspect_ratio,compactness,bounding_box_area,centroid_x,centroid_y,acute_angle_count,obtuse_angle_count
0.0,0.22009228056923633,0.569989449894508,0.13724741332839652,0.5564500142164808,0.3487384251956658,0.7045123726346434,0.5237816875122379,1.0,0.0
