num_points,area,perimeter,aspect_ratio,compactness,bounding_box_area,centroid_x,centroid_y,acute_angle_count,obtuse_angle_count
0.9999999999999999,0.4804405897500679,0.6646744864187769,0.11705713930782825,0.9999999999999986,0.4812077702702703,7.268612006602996e-17,2.350162828759781e-16,0.0,1.0
