num_points,area,perimeter,aspect_ratio,compactness,bounding_box_area,centroid_x,centroid_y,acute_angle_count,obtuse_angle_count
0.0,0.07552330066281084,0.3028068952564573,0.13724741332839652,0.5564500142164808,0.12313478458775805,0.42430858806404653,0.3154594254335069,1.0,0.0
