num_points,area,perimeter,aspect_ratio,compactness,bounding_box_area,centroid_x,centroid_y,acute_angle_count,obtuse_angle_count
0.06060606060606061,0.05480793036281244,0.19084468188432183,0.11066942819916026,0.850230112008827,0.06425022132089267,7.331817328399544e-17,7.386226033245026e-17,0.0,0.1388888888888889
