num_points,area,perimeter,aspect_ratio,compactness,bounding_box_area,centroid_x,centroid_y,acute_angle_count,obtuse_angle_count
0.030303030303030304,0.08037677570980852,0.31555546278615765,0.26642900695366173,0.5532115009175205,0.1067137080349478,0.1172509374318565,0.3237919811121454,0.6666666666666666,0.05555555555555555
