num_points,area,perimeter,aspect_ratio,is_convex,compactness,bounding_box_area,centroid_x,centroid_y,acute_angle_count,obtuse_angle_count
0.0,0.09423101959634335,0.2653044778662708,0.05630577205644337,1.0,0.5594312036413671,0.08107885739772133,0.140402206439478,0.23337558993002322,0.42857142857142855,0.0
