num_points,area,perimeter,aspect_ratio,compactness,bounding_box_area,centroid_x,centroid_y,acute_angle_count,obtuse_angle_count
0.030303030303030304,0.023256325950543368,0.13232971020064674,0.2269183267969567,0.6176223824214274,0.03098978534683788,0.08384739748267701,0.19886003157468823,0.6666666666666666,0.05555555555555555
