num_points,area,perimeter,aspect_ratio,compactness,bounding_box_area,centroid_x,centroid_y,acute_angle_count,obtuse_angle_count
0.06060606060606061,0.06027852019316002,0.20356766067660995,0.1106694281991602,0.8502301120088267,0.0704276505538683,7.616241276484009e-17,1.0316299170400078e-16,0.0,0.1388888888888889
