num_points,area,perimeter,aspect_ratio,compactness,bounding_box_area,centroid_x,centroid_y,acute_angle_count,obtuse_angle_count
0.0,0.0986953499244081,0.35624340618406747,0.13724741332839657,0.5564500142164808,0.15929536811781983,0.4803493449781659,0.35712387784925304,1.0,0.0
