num_points,area,perimeter,aspect_ratio,compactness,bounding_box_area,centroid_x,centroid_y,acute_angle_count,obtuse_angle_count
0.06060606060606061,0.3079682044267703,0.5598110668606774,0.11066942819916024,0.850230112008827,0.3501206166766806,6.194121536061683e-17,5.9211894646675e-17,0.0,0.1388888888888889
