num_points,area,perimeter,aspect_ratio,compactness,bounding_box_area,centroid_x,centroid_y,acute_angle_count,obtuse_angle_count
0.06060606060606061,0.2503524179156626,0.4961961728992368,0.11066942819916022,0.850230112008827,0.2850604577336393,7.331817328399544e-17,8.851262601822552e-17,0.0,0.1388888888888889
