num_points,area,perimeter,aspect_ratio,compactness,bounding_box_area,centroid_x,centroid_y,acute_angle_count,obtuse_angle_count
0.06060606060606061,0.38490350176436405,0.6362005298108017,0.11066942819916023,0.8503715163524804,0.43819684846693213,0.0,1.3622833408126934e-16,0.0,0.1388888888888889
