num_points,area,perimeter,aspect_ratio,compactness,bounding_box_area,centroid_x,centroid_y,acute_angle_count,obtuse_angle_count
0.030303030303030304,0.05136900803644195,0.24430100344734781,0.2796798694443975,0.5329022174204099,0.07062753660659005,0.09006197468834574,0.26048375326011763,0.6666666666666666,0.05555555555555555
