num_points,area,perimeter,aspect_ratio,compactness,bounding_box_area,centroid_x,centroid_y,acute_angle_count,obtuse_angle_count
0.030303030303030304,0.05116310415733327,0.21374604371044045,0.1995213558977793,0.6639278368058893,0.06044076940150886,0.1355089079976817,0.28475466236947844,0.6666666666666666,0.05555555555555555
