num_points,area,perimeter,aspect_ratio,compactness,bounding_box_area,centroid_x,centroid_y,acute_angle_count,obtuse_angle_count
0.030303030303030304,0.608200664123932,0.9059495544505816,0.18003712818167295,0.6961233189606428,0.6561026532657377,0.49567206679044523,0.9463010474444531,0.6666666666666666,0.05555555555555555
