num_points,area,perimeter,aspect_ratio,is_convex,compactness,bounding_box_area,centroid_x,centroid_y,acute_angle_count,obtuse_angle_count
0.030303030303030304,0.08687705470351939,0.2244884043483829,0.0859621062689996,1.0,0.7152802348955928,0.0369390373758977,0.13705661961782178,0.13602800803807105,0.0,0.0
