num_points,area,perimeter,aspect_ratio,compactness,bounding_box_area,centroid_x,centroid_y,acute_angle_count,obtuse_angle_count
0.030303030303030304,0.05014578794115735,0.1934049610624837,0.11705713930782825,0.7607027265261426,0.0392343118840809,0.2321688500727802,0.2989690721649485,0.0,0.0
