num_points,area,perimeter,aspect_ratio,compactness,bounding_box_area,centroid_x,centroid_y,acute_angle_count,obtuse_angle_count
0.030303030303030304,0.305791745802479,0.6056137905129146,0.0719994309234658,0.7219786112447273,0.23859797297297297,0.44032023289665206,0.8659793814432989,0.0,0.0
