num_points,area,perimeter,aspect_ratio,is_convex,compactness,bounding_box_area,centroid_x,centroid_y,acute_angle_count,obtuse_angle_count
0.15151515151515152,0.056804228075378,0.2555250965483602,0.0555170181366951,0.0,0.3241914588730517,0.05209351424806083,0.1622127483135716,0.2309718672978437,0.7142857142857142,0.08333333333333333
