num_points,area,perimeter,aspect_ratio,compactness,bounding_box_area,centroid_x,centroid_y,acute_angle_count,obtuse_angle_count
0.9999999999999999,0.08648712637044524,0.23353594102975408,0.1169257224254804,0.9999999999999982,0.0878232629731041,0.009340126152353266,1.2025990103387984e-16,0.0,1.0
