num_points,area,perimeter,aspect_ratio,compactness,bounding_box_area,centroid_x,centroid_y,acute_angle_count,obtuse_angle_count
0.030303030303030304,0.03552839226600217,0.15268812715459237,0.11705713930782825,0.7607027265261426,0.027797589391555296,0.20014556040756915,0.2577319587628867,0.0,0.0
