num_points,area,perimeter,aspect_ratio,compactness,bounding_box_area,centroid_x,centroid_y,acute_angle_count,obtuse_angle_count
0.030303030303030304,0.12204608615656463,0.38677855528555893,0.04028538465698755,0.6066290787150053,0.09522804054054054,0.22416302765647747,0.7010309278350515,0.0,0.0
