num_points,area,perimeter,aspect_ratio,is_convex,compactness,bounding_box_area,centroid_x,centroid_y,acute_angle_count,obtuse_angle_count
0.030303030303030304,0.060145653256282655,0.20408036758943904,0.14590087352947412,1.0,0.5664575201416867,0.0369390373758977,0.09790646918435801,0.10163762238324553,0.2857142857142857,0.05555555555555555
