num_points,area,perimeter,aspect_ratio,compactness,bounding_box_area,centroid_x,centroid_y,acute_angle_count,obtuse_angle_count
0.030303030303030304,0.03586675790663076,0.2697490246397799,0.8087706487119031,0.2932126569837828,0.028062328338141537,0.5043668122270742,0.10309278350515473,0.0,0.0
