num_points,area,perimeter,aspect_ratio,compactness,bounding_box_area,centroid_x,centroid_y,acute_angle_count,obtuse_angle_count
0.030303030303030304,0.10450531878468095,0.31555546278615765,0.14771403298629976,0.7413222032905371,0.09986632201846224,0.25999405199504405,0.4134438312380003,0.6666666666666666,0.05555555555555555
