num_points,area,perimeter,aspect_ratio,compactness,bounding_box_area,centroid_x,centroid_y,acute_angle_count,obtuse_angle_count
0.030303030303030304,0.4122646965418766,0.702365384911125,0.09581100255561885,0.7537395361600556,0.32255793252067594,0.5764192139737991,0.8865979381443299,0.0,0.0
