num_points,area,perimeter,aspect_ratio,compactness,bounding_box_area,centroid_x,centroid_y,acute_angle_count,obtuse_angle_count
0.030303030303030304,0.10699121556676083,0.31555546278615765,0.11705713930782825,0.7607027265261427,0.08371045491056937,0.3282387190684134,0.4226804123711341,0.0,0.0
