num_points,area,perimeter,aspect_ratio,compactness,bounding_box_area,centroid_x,centroid_y,acute_angle_count,obtuse_angle_count
0.030303030303030304,0.01381122408107232,0.10612179114650831,0.6099209512936146,0.18343323907740455,0.005872359787963227,0.08266257629781226,0.044226212646686955,0.0,0.0
