num_points,area,perimeter,aspect_ratio,compactness,bounding_box_area,centroid_x,centroid_y,acute_angle_count,obtuse_angle_count
0.030303030303030304,0.15564819468915236,0.45806438146377726,0.3345771108185436,0.5774624200885088,0.12177991542967083,0.6404657933042213,0.309278350515464,0.0,0.0
