num_points,area,perimeter,aspect_ratio,compactness,bounding_box_area,centroid_x,centroid_y,acute_angle_count,obtuse_angle_count
0.9999999999999999,0.3315721221815077,0.5369314336259299,0.11705713930782825,0.9999999999999986,0.3325591216216216,3.476292698810128e-17,1.0580819661948798e-16,0.0,1.0
