num_points,area,perimeter,aspect_ratio,compactness,bounding_box_area,centroid_x,centroid_y,acute_angle_count,obtuse_angle_count
0.030303030303030304,0.45611688356734215,0.7481718230575027,0.08545950134100855,0.7438802821577299,0.3568680999982528,0.5764192139737991,0.979381443298969,0.0,0.0
