num_points,area,perimeter,aspect_ratio,is_convex,compactness,bounding_box_area,centroid_x,centroid_y,acute_angle_count,obtuse_angle_count
0.030303030303030304,0.04388182309242638,0.24484513921071394,0.27989767802960297,1.0,0.2536082323757425,0.03642027500653866,0.16273741628571703,0.1087657378427015,0.2857142857142857,0.05555555555555555
