num_points,area,perimeter,aspect_ratio,compactness,bounding_box_area,centroid_x,centroid_y,acute_angle_count,obtuse_angle_count
0.0,0.015462788316712528,0.11960569960443071,0.07415114509220785,0.4896669339013316,0.029491102663931786,0.1681222707423581,0.21501704757334245,1.0,0.0
