num_points,area,perimeter,aspect_ratio,compactness,bounding_box_area,centroid_x,centroid_y,acute_angle_count,obtuse_angle_count
0.9999999999999999,0.09558176734271076,0.24950956484202416,0.11705713930782825,0.9999999999999988,0.09691722972972974,7.742651920077104e-17,1.2234072734128298e-16,0.0,1.0
