num_points,area,perimeter,aspect_ratio,is_convex,compactness,bounding_box_area,centroid_x,centroid_y,acute_angle_count,obtuse_angle_count
0.21212121212121213,0.06738540781490925,0.26678296633605353,0.07454519821938539,0.0,0.3660370215037769,0.06535368151120362,0.21063493661547672,0.24039256560879363,0.5714285714285714,0.1388888888888889
