num_points,area,perimeter,aspect_ratio,compactness,bounding_box_area,centroid_x,centroid_y,acute_angle_count,obtuse_angle_count
0.06060606060606061,0.09799067136406685,0.27990553343033875,0.11066942819916023,0.8502301120088269,0.1130124818620409,7.616241276484009e-17,1.0316299170400078e-16,0.0,0.1388888888888889
