num_points,area,perimeter,aspect_ratio,compactness,bounding_box_area,centroid_x,centroid_y,acute_angle_count,obtuse_angle_count
0.0,0.04600042371924816,0.3333690776208601,0.023451988418975687,0.25221547764870345,0.07727669586236148,0.1681222707423581,0.5103873729685181,1.0,0.0
