num_points,area,perimeter,aspect_ratio,compactness,bounding_box_area,centroid_x,centroid_y,acute_angle_count,obtuse_angle_count
0.030303030303030304,0.35544707193288383,0.48979288221465384,0.1393470707938922,0.6343492475988806,0.19858035482838404,0.2824116834837499,0.33888795895079066,0.6666666666666666,0.05555555555555555
