num_points,area,perimeter,aspect_ratio,compactness,bounding_box_area,centroid_x,centroid_y,acute_angle_count,obtuse_angle_count
0.9999999999999999,0.06957207769649926,0.20160592004470654,0.11705713930782825,0.9999999999999988,0.07094594594594596,7.426625311094365e-17,9.487129168045437e-17,0.0,1.0
