num_points,area,perimeter,aspect_ratio,is_convex,compactness,bounding_box_area,centroid_x,centroid_y,acute_angle_count,obtuse_angle_count
0.06060606060606061,0.0924460966716939,0.2144892973923681,0.046002928095349976,1.0,0.8381560630427934,0.059670752684142465,0.6858081846553632,0.9784916844860397,0.0,0.1388888888888889
