num_points,area,perimeter,aspect_ratio,compactness,bounding_box_area,centroid_x,centroid_y,acute_angle_count,obtuse_angle_count
0.030303030303030304,0.10159637954361572,0.3359138797401032,0.2125985417918953,0.6418829235696175,0.12188165235106373,0.1721251819505095,0.383908168687947,0.6666666666666666,0.05555555555555555
