num_points,area,perimeter,aspect_ratio,compactness,bounding_box_area,centroid_x,centroid_y,acute_angle_count,obtuse_angle_count
0.9999999999999999,0.39134080223980966,0.4405974095130877,0.08981555301843382,0.9999999999999987,0.21320279797148287,0.23742507795422296,0.20603023552598168,0.0,1.0
