num_points,area,perimeter,aspect_ratio,compactness,bounding_box_area,centroid_x,centroid_y,acute_angle_count,obtuse_angle_count
0.030303030303030304,0.1665763874555466,0.4173475475558859,0.14208328090673022,0.7472289796775093,0.15388121560898224,0.3373969230923232,0.5177855196249753,0.6666666666666666,0.05555555555555555
