num_points,area,perimeter,aspect_ratio,compactness,bounding_box_area,centroid_x,centroid_y,acute_angle_count,obtuse_angle_count
0.0,0.07244736492012091,0.2951731079810844,0.13724741332839657,0.5564500142164807,0.1183347071280153,0.41630276564774377,0.309507360802686,1.0,0.0
