num_points,area,perimeter,aspect_ratio,compactness,bounding_box_area,centroid_x,centroid_y,acute_angle_count,obtuse_angle_count
0.0,0.1530634269252517,0.4732948110731182,0.1861130695684305,0.5300837710779173,0.24413816158693402,0.6229471701344294,0.38204595375806577,1.0,0.0
