num_points,area,perimeter,aspect_ratio,compactness,bounding_box_area,centroid_x,centroid_y,acute_angle_count,obtuse_angle_count
0.0,0.11861087242761958,0.4198923496751291,0.07815771594343497,0.4994018090770716,0.190898242462056,0.408296943231441,0.49934712515321333,1.0,0.0
