num_points,area,perimeter,aspect_ratio,compactness,bounding_box_area,centroid_x,centroid_y,acute_angle_count,obtuse_angle_count
0.0,0.05544220980688038,0.33079744859949123,0.41831675936145,0.3252512845543125,0.09179772177242639,0.6874059144801503,0.1620421218835885,0.6666666666666666,0.027777777777777776
