num_points,area,perimeter,aspect_ratio,compactness,bounding_box_area,centroid_x,centroid_y,acute_angle_count,obtuse_angle_count
0.030303030303030304,0.137628881032531,0.3766307136479946,0.15663168398487534,0.7304829182893251,0.1369219321752169,0.27888686585298167,0.4680259158307857,0.6666666666666666,0.05555555555555555
