num_points,area,perimeter,aspect_ratio,compactness,bounding_box_area,centroid_x,centroid_y,acute_angle_count,obtuse_angle_count
0.0,0.02650602801022826,0.2417365970534743,0.26300434639713155,0.25669133797259525,0.07819114277941404,0.5010310528869482,0.187779149436378,0.6666666666666666,0.027777777777777776
