num_points,area,perimeter,aspect_ratio,compactness,bounding_box_area,centroid_x,centroid_y,acute_angle_count,obtuse_angle_count
0.030303030303030304,0.1069594579897609,0.31552987404874544,0.11705713930782825,0.7605762327905327,0.08345650337837839,0.3282387190684134,0.4226804123711341,0.0,0.0
