num_points,area,perimeter,aspect_ratio,compactness,bounding_box_area,centroid_x,centroid_y,acute_angle_count,obtuse_angle_count
0.0,0.15310887333698384,0.47333319417923647,0.1861130695684305,0.5301719309144979,0.24488105468323595,0.6229471701344294,0.38204595375806577,1.0,0.0
