num_points,area,perimeter,aspect_ratio,compactness,bounding_box_area,centroid_x,centroid_y,acute_angle_count,obtuse_angle_count
0.06060606060606061,0.03526394879928127,0.13996411655837637,0.11066942819916023,0.8503715163524803,0.04229751520945092,5.119631065520371e-17,1.1425278555260646e-16,0.0,0.1388888888888889
