num_points,area,perimeter,aspect_ratio,compactness,bounding_box_area,centroid_x,centroid_y,acute_angle_count,obtuse_angle_count
0.030303030303030304,0.07146282330075866,0.33082427550161686,0.5085930880271159,0.4414248165892096,0.05591286551901409,0.5443959243085881,0.17525773195876296,0.0,0.0
