num_points,area,perimeter,aspect_ratio,is_convex,compactness,bounding_box_area,centroid_x,centroid_y,acute_angle_count,obtuse_angle_count
0.9999999999999999,0.13785449074104905,0.2814243542917715,0.12817341075272784,1.0,0.7700171069921669,0.07506724865843713,0.3013975344951345,0.2346645067564906,0.0,1.0
