num_points,area,perimeter,aspect_ratio,compactness,bounding_box_area,centroid_x,centroid_y,acute_angle_count,obtuse_angle_count
0.030303030303030304,0.08035291794139185,0.31552987404874544,0.26642900695366173,0.5531195099374789,0.10638997177416401,0.11725093743185652,0.3237919811121454,0.6666666666666666,0.05555555555555555
