num_points,area,perimeter,aspect_ratio,is_convex,compactness,bounding_box_area,centroid_x,centroid_y,acute_angle_count,obtuse_angle_count
0.1818181818181818,0.1581607918961505,0.28015406094283507,0.046002928095349976,1.0,0.9068987758158666,0.09376832564650948,0.14801367893535672,0.17366474816043279,0.0,0.25
