num_points,area,perimeter,aspect_ratio,is_convex,compactness,bounding_box_area,centroid_x,centroid_y,acute_angle_count,obtuse_angle_count
0.030303030303030304,0.05791803646901295,0.1764600587125335,0.07264238021111641,1.0,0.7206136467056704,0.03220326335334672,0.1411925571945492,0.12208306707365663,0.2857142857142857,0.05555555555555555
