num_points,area,perimeter,aspect_ratio,compactness,bounding_box_area,centroid_x,centroid_y,acute_angle_count,obtuse_angle_count
0.030303030303030304,0.1692002558079646,0.4173137043870505,0.11705713930782825,0.7605762327905327,0.13202069256756757,0.408296943231441,0.5257731958762887,0.0,0.0
