num_points,area,perimeter,aspect_ratio,compactness,bounding_box_area,centroid_x,centroid_y,acute_angle_count,obtuse_angle_count
0.0,0.07515432633493518,0.33845868185934647,0.06034262398800453,0.4477729060811545,0.12289701034238111,0.29621542940320233,0.4497256517770564,1.0,0.0
