num_points,area,perimeter,aspect_ratio,compactness,bounding_box_area,centroid_x,centroid_y,acute_angle_count,obtuse_angle_count
0.030303030303030304,0.3344806856884667,0.7735571105711179,0.31786912716578164,0.47859285542249397,0.45571430156688497,0.18496317195652456,0.6046583398492255,0.6666666666666666,0.05555555555555555
