num_points,area,perimeter,aspect_ratio,compactness,bounding_box_area,centroid_x,centroid_y,acute_angle_count,obtuse_angle_count
0.030303030303030304,0.2845251224826782,0.7227238018650707,0.3356153110979449,0.4556672977328367,0.39461869244815057,0.1590638748337046,0.5478431066827947,0.6666666666666666,0.05555555555555555
