num_points,area,perimeter,aspect_ratio,is_convex,compactness,bounding_box_area,centroid_x,centroid_y,acute_angle_count,obtuse_angle_count
0.030303030303030304,0.2116235947906242,0.36734466166099033,0.07930224324005797,1.0,0.7269544213914632,0.08997970642846881,0.17587717095601624,0.2210892429245766,0.0,0.0
