num_points,area,perimeter,aspect_ratio,is_convex,compactness,bounding_box_area,centroid_x,centroid_y,acute_angle_count,obtuse_angle_count
0.030303030303030304,0.0690561204053615,0.20535092600524485,0.021028441736818938,1.0,0.6562605503062634,0.03693903737589769,0.12780705651725074,0.15744920181466707,0.2857142857142857,0.05555555555555555
