num_points,area,perimeter,aspect_ratio,is_convex,compactness,bounding_box_area,centroid_x,centroid_y,acute_angle_count,obtuse_angle_count
0.030303030303030304,0.13142939044891389,0.2857125146252146,0.09040201495496064,1.0,0.707136968645683,0.05588213346610164,0.1465331393385893,0.11565121332048178,0.0,0.0
