num_points,area,perimeter,aspect_ratio,is_convex,compactness,bounding_box_area,centroid_x,centroid_y,acute_angle_count,obtuse_angle_count
0.030303030303030304,0.13142939044891375,0.2857125146252146,0.0904020149549607,1.0,0.7071369686456821,0.055882133466101616,0.18706817060173825,0.2472473753986446,0.0,0.0
