num_points,area,perimeter,aspect_ratio,compactness,bounding_box_area,centroid_x,centroid_y,acute_angle_count,obtuse_angle_count
0.06060606060606061,0.19861536165642785,0.4326163602713451,0.11066942819916024,0.8503715163524801,0.22726147277197048,2.844239480844651e-17,1.0692760270971883e-16,0.0,0.1388888888888889
