num_points,area,perimeter,aspect_ratio,compactness,bounding_box_area,centroid_x,centroid_y,acute_angle_count,obtuse_angle_count
0.030303030303030304,0.02002530016759597,0.12722978792288123,0.34545310939407936,0.5674649227181913,0.015625,0.26419213973799127,0.12371134020618563,0.0,0.0
