num_points,area,perimeter,aspect_ratio,compactness,bounding_box_area,centroid_x,centroid_y,acute_angle_count,obtuse_angle_count
0.030303030303030304,0.07062611426448794,0.2544802119243207,0.17644126988019734,0.7017963303959316,0.07695847439342081,0.17978772883919897,0.3368589167773409,0.6666666666666666,0.05555555555555555
