num_points,area,perimeter,aspect_ratio,compactness,bounding_box_area,centroid_x,centroid_y,acute_angle_count,obtuse_angle_count
0.06060606060606061,0.004875695944174172,0.025448021192432058,0.11066942819916024,0.8503715163524803,0.007888682049210288,4.977419091478139e-17,1.1425278555260646e-16,0.0,0.1388888888888889
