num_points,area,perimeter,aspect_ratio,compactness,bounding_box_area,centroid_x,centroid_y,acute_angle_count,obtuse_angle_count
0.030303030303030304,0.2940075041568824,0.7124868123681349,0.3095736495063943,0.4898189374320737,0.3982191837731572,0.17975325742502693,0.5729141199661834,0.6666666666666666,0.05555555555555555
