num_points,area,perimeter,aspect_ratio,compactness,bounding_box_area,centroid_x,centroid_y,acute_angle_count,obtuse_angle_count
0.030303030303030304,0.023008863562744265,0.1119712932467011,0.1301083375984712,0.7586916537752171,0.018002248367864383,0.17612809315866088,0.20618556701030935,0.0,0.0
