num_points,area,perimeter,aspect_ratio,compactness,bounding_box_area,centroid_x,centroid_y,acute_angle_count,obtuse_angle_count
0.06060606060606061,0.3202848031644236,0.5725804768297215,0.11066942819916024,0.8503715163524802,0.3650286400227422,3.981935273182511e-17,1.0692760270971883e-16,0.0,0.1388888888888889
