num_points,area,perimeter,aspect_ratio,compactness,bounding_box_area,centroid_x,centroid_y,acute_angle_count,obtuse_angle_count
0.9999999999999999,0.018819506101589306,0.0738559287442864,0.1169257224254804,0.9999999999999971,0.020254615785926664,0.004892447032185082,1.037312666145587e-16,0.0,1.0
