num_points,area,perimeter,aspect_ratio,compactness,bounding_box_area,centroid_x,centroid_y,acute_angle_count,obtuse_angle_count
0.030303030303030304,0.21303942644513416,0.47838400259003344,0.11705713930782825,0.7605762327905327,0.16622677364864866,0.4563318777292576,0.5876288659793815,0.0,0.0
