num_points,area,perimeter,aspect_ratio,compactness,bounding_box_area,centroid_x,centroid_y,acute_angle_count,obtuse_angle_count
0.9999999999999999,0.3487004543875493,0.5528993152250357,0.11705713930782825,0.9999999999999983,0.34966216216216217,7.584638615585735e-17,9.258217204205198e-17,0.0,1.0
