num_points,area,perimeter,aspect_ratio,is_convex,compactness,bounding_box_area,centroid_x,centroid_y,acute_angle_count,obtuse_angle_count
0.0,0.02223864753370711,0.11338143178655792,0.05405343482504957,1.0,0.5592077138618129,0.020163979904957295,0.08989302224851169,0.23054544940662391,0.42857142857142855,0.0
