num_points,area,perimeter,aspect_ratio,is_convex,compactness,bounding_box_area,centroid_x,centroid_y,acute_angle_count,obtuse_angle_count
0.33333333333333337,0.15704698350251578,0.3494125349330191,0.07930224324005802,0.0,0.5703722828187342,0.08997970642846871,0.18747747038350285,0.14495473158619476,0.0,0.3333333333333333
