num_points,area,perimeter,aspect_ratio,is_convex,compactness,bounding_box_area,centroid_x,centroid_y,acute_angle_count,obtuse_angle_count
0.21212121212121213,0.05791803646901295,0.2906643346871605,0.046002928095349976,0.0,0.2419683174786649,0.03315041815785692,0.05102795307932826,0.06643903272148896,0.2857142857142857,0.05555555555555555
