num_points,area,perimeter,aspect_ratio,compactness,bounding_box_area,centroid_x,centroid_y,acute_angle_count,obtuse_angle_count
0.9999999999999999,0.023685064255622078,0.08983074885096548,0.11705713930782825,0.9999999999999986,0.025126689189189193,7.742651920077104e-17,1.2513854023266367e-16,0.0,1.0
