num_points,area,perimeter,aspect_ratio,compactness,bounding_box_area,centroid_x,centroid_y,acute_angle_count,obtuse_angle_count
0.9999999999999999,0.5650240784592607,0.728543979114704,0.1169257224254804,0.9999999999999988,0.5656602897999249,0.02312793142487466,9.556348239543849e-17,0.0,1.0
