num_points,area,perimeter,aspect_ratio,compactness,bounding_box_area,centroid_x,centroid_y,acute_angle_count,obtuse_angle_count
0.030303030303030304,0.40422692061279025,0.6921300463004739,0.10738958501846313,0.7592644937262205,0.3154032939189189,0.6004366812227074,0.8350515463917525,0.0,0.0
