num_points,area,perimeter,aspect_ratio,compactness,bounding_box_area,centroid_x,centroid_y,acute_angle_count,obtuse_angle_count
0.030303030303030304,0.11081568133284526,0.4122245128701352,0.022890265565214778,0.47815254994704715,0.08646537162162163,0.1761280931586609,0.8144329896907216,0.0,0.0
