num_points,area,perimeter,aspect_ratio,compactness,bounding_box_area,centroid_x,centroid_y,acute_angle_count,obtuse_angle_count
0.030303030303030304,0.29153583596559496,0.5802148831874511,0.15756085814085802,0.7446997125506891,0.2280990763787052,0.6084425036390102,0.5979381443298969,0.0,0.0
