num_points,area,perimeter,aspect_ratio,is_convex,compactness,bounding_box_area,centroid_x,centroid_y,acute_angle_count,obtuse_angle_count
0.2727272727272727,0.05680422807537811,0.18614824086146803,0.04600292809534996,0.0,0.6362559783336907,0.03315041815785693,0.14901399659982942,0.24499189532957888,0.0,0.3333333333333333
