num_points,area,perimeter,aspect_ratio,is_convex,compactness,bounding_box_area,centroid_x,centroid_y,acute_angle_count,obtuse_angle_count
0.030303030303030304,0.060145653256282634,0.20408036758943898,0.14590087352947403,1.0,0.5664575201416868,0.036939037375897696,0.2266384401794452,0.2056822619531755,0.2857142857142857,0.05555555555555555
