num_points,area,perimeter,aspect_ratio,is_convex,compactness,bounding_box_area,centroid_x,centroid_y,acute_angle_count,obtuse_angle_count
0.030303030303030304,0.009556476017387135,0.05306089557325416,0.04600292809535006,1.0,0.7621854484950726,0.004063294111348749,0.02691443988847967,0.08273825568721507,0.0,0.0
