num_points,area,perimeter,aspect_ratio,compactness,bounding_box_area,centroid_x,centroid_y,acute_angle_count,obtuse_angle_count
0.0,0.029776176375316106,0.20358416953945654,0.23125512435095383,0.4059494932628837,0.05188883353090322,0.24017467248908297,0.1649484536082475,0.6666666666666666,0.0
