num_points,area,perimeter,aspect_ratio,is_convex,compactness,bounding_box_area,centroid_x,centroid_y,acute_angle_count,obtuse_angle_count
0.9999999999999999,0.10917700275982957,0.2153135011337186,0.046002928095349976,1.0,0.9999999999999991,0.059670752684142465,0.12100535100197969,0.14413012102980485,0.0,1.0
