num_points,area,perimeter,aspect_ratio,is_convex,compactness,bounding_box_area,centroid_x,centroid_y,acute_angle_count,obtuse_angle_count
0.15151515151515152,0.00334142518090461,0.13506108091434804,0.012703612950641933,0.0,0.0,0.01610163167667337,0.07883750741371627,0.1483665261018283,0.5714285714285714,0.1111111111111111
