num_points,area,perimeter,aspect_ratio,compactness,bounding_box_area,centroid_x,centroid_y,acute_angle_count,obtuse_angle_count
0.06060606060606061,0.2727813274368999,0.5216844344448573,0.11066942819916026,0.8503715163524801,0.3112401192205271,3.413087377013581e-17,7.762687133816831e-17,0.0,0.1388888888888889
