num_points,area,perimeter,aspect_ratio,is_convex,compactness,bounding_box_area,centroid_x,centroid_y,acute_angle_count,obtuse_angle_count
0.030303030303030304,0.3319149013031895,0.46938484545570985,0.07930224324005804,1.0,0.7269544213914632,0.14112606587201948,0.2059861318611991,0.18625912400480962,0.0,0.0
