num_points,area,perimeter,aspect_ratio,compactness,bounding_box_area,centroid_x,centroid_y,acute_angle_count,obtuse_angle_count
0.030303030303030304,0.2171498114970677,0.3673446616609902,0.11474857268016093,0.6740385312163246,0.10852668577343896,0.373779183976305,0.33350103059324737,0.6666666666666666,0.05555555555555555
