num_points,area,perimeter,aspect_ratio,compactness,bounding_box_area,centroid_x,centroid_y,acute_angle_count,obtuse_angle_count
0.06060606060606061,0.09112333519405605,0.26718255463805063,0.11066942819916023,0.850230112008827,0.10525783665468846,5.056425743723823e-17,1.0316299170400078e-16,0.0,0.1388888888888889
