num_points,area,perimeter,aspect_ratio,compactness,bounding_box_area,centroid_x,centroid_y,acute_angle_count,obtuse_angle_count
0.030303030303030304,0.27659739541826733,0.5700356747104783,0.1597404074767874,0.7263463799836013,0.27752160744311205,0.38274183382595245,0.6540543498137015,0.6666666666666666,0.05555555555555555
