num_points,area,perimeter,aspect_ratio,compactness,bounding_box_area,centroid_x,centroid_y,acute_angle_count,obtuse_angle_count
0.030303030303030304,0.004669445840674571,0.03053762543091848,0.11705713930782825,0.7607027265261426,0.0036533974628901247,0.10407569141193598,0.1340206185567011,0.0,0.0
