num_points,area,perimeter,aspect_ratio,is_convex,compactness,bounding_box_area,centroid_x,centroid_y,acute_angle_count,obtuse_angle_count
0.15151515151515152,0.00835356295226148,0.17981279780513443,0.030634013413177032,0.0,0.024594493788590382,0.029835376342071222,0.07767668269249461,0.14036380612501706,0.5714285714285714,0.1111111111111111
