num_points,area,perimeter,aspect_ratio,compactness,bounding_box_area,centroid_x,centroid_y,acute_angle_count,obtuse_angle_count
0.06060606060606061,0.18889557897048115,0.41985830014550796,0.11066942819916023,0.8502301120088271,0.21566295486106168,7.331817328399544e-17,1.1781335738977604e-16,0.0,0.1388888888888889
