num_points,area,perimeter,aspect_ratio,compactness,bounding_box_area,centroid_x,centroid_y,acute_angle_count,obtuse_angle_count
0.0,0.01715365795656085,0.15267574550745747,0.36030308436531644,0.37545403424763246,0.03204744410824259,0.3439538519596744,0.10799645378946894,0.6666666666666666,0.027777777777777776
