num_points,area,perimeter,aspect_ratio,is_convex,compactness,bounding_box_area,centroid_x,centroid_y,acute_angle_count,obtuse_angle_count
0.15151515151515152,0.15530944240844527,0.27159722419677784,0.046002928095349976,1.0,0.9446000324889219,0.09376832564650954,0.3711133530996731,0.2914283134002198,0.0,0.2222222222222222
