num_points,area,perimeter,aspect_ratio,compactness,bounding_box_area,centroid_x,centroid_y,acute_angle_count,obtuse_angle_count
0.030303030303030304,0.02307653669086998,0.1119712932467011,0.11705713930782825,0.7607027265261427,0.01805519615718163,0.1681222707423581,0.2164948453608248,0.0,0.0
