num_points,area,perimeter,aspect_ratio,compactness,bounding_box_area,centroid_x,centroid_y,acute_angle_count,obtuse_angle_count
0.06060606060606061,0.03525348160752742,0.13995276671516935,0.11066942819916023,0.8502301120088269,0.04216919767961803,7.331817328399544e-17,9.583780886111315e-17,0.0,0.1388888888888889
