num_points,area,perimeter,aspect_ratio,compactness,bounding_box_area,centroid_x,centroid_y,acute_angle_count,obtuse_angle_count
0.030303030303030304,0.511006454252643,0.8041574696808533,0.15663168398487531,0.7304829182893252,0.5046638307007267,0.5281049161896887,0.8862618406157431,0.6666666666666666,0.05555555555555555
