num_points,area,perimeter,aspect_ratio,is_convex,compactness,bounding_box_area,centroid_x,centroid_y,acute_angle_count,obtuse_angle_count
0.2727272727272727,0.04677995253266428,0.22448840434838302,0.03648883805400481,0.0,0.34003852609975194,0.03883334698491811,0.20733117246697935,0.22512447498708787,0.0,0.0
