num_points,area,perimeter,aspect_ratio,compactness,bounding_box_area,centroid_x,centroid_y,acute_angle_count,obtuse_angle_count
0.06060606060606061,0.37140376735314123,0.6234259608221181,0.11066942819916023,0.8502301120088267,0.42175250884629184,6.194121536061683e-17,1.4711408876132656e-16,0.0,0.1388888888888889
