num_points,area,perimeter,aspect_ratio,compactness,bounding_box_area,centroid_x,centroid_y,acute_angle_count,obtuse_angle_count
0.06060606060606061,0.17946754117775446,0.40713532135321995,0.11066942819916024,0.850230112008827,0.20501674703401862,5.056425743723823e-17,1.1781335738977604e-16,0.0,0.1388888888888889
