num_points,area,perimeter,aspect_ratio,is_convex,compactness,bounding_box_area,centroid_x,centroid_y,acute_angle_count,obtuse_angle_count
0.030303030303030304,0.20579307825635879,0.35509983960562386,0.038294562050835465,1.0,0.7555636834178845,0.13921240090135553,0.15310221602246438,0.456028172031515,0.2857142857142857,0.05555555555555555
