num_points,area,perimeter,aspect_ratio,is_convex,compactness,bounding_box_area,centroid_x,centroid_y,acute_angle_count,obtuse_angle_count
0.15151515151515152,0.044552335745394564,0.1448305849387191,0.07264238021111641,0.0,0.7754823632282439,0.03220326335334672,0.07853742933852059,0.07125908191834929,0.14285714285714285,0.19444444444444442
