num_points,area,perimeter,aspect_ratio,compactness,bounding_box_area,centroid_x,centroid_y,acute_angle_count,obtuse_angle_count
0.9999999999999999,0.25227279602914215,0.4570879582294093,0.1169257224254804,0.9999999999999967,0.2533664485816889,0.015566876920588772,8.726568875477317e-17,0.0,1.0
