num_points,area,perimeter,aspect_ratio,compactness,bounding_box_area,centroid_x,centroid_y,acute_angle_count,obtuse_angle_count
0.0,0.0947423793760058,0.40716833907891303,0.23125512435095383,0.40594949326288376,0.15354858902001975,0.40029112081513823,0.2749140893470791,0.6666666666666666,0.0
