num_points,area,perimeter,aspect_ratio,compactness,bounding_box_area,centroid_x,centroid_y,acute_angle_count,obtuse_angle_count
0.0,0.16697209551080186,0.48605720477545244,0.13724741332839657,0.5565425591027706,0.26657436153182423,0.616448326055313,0.458308976573208,1.0,0.0
