num_points,area,perimeter,aspect_ratio,compactness,bounding_box_area,centroid_x,centroid_y,acute_angle_count,obtuse_angle_count
0.030303030303030304,0.28522522130602906,0.5852570244452536,0.1948623598866611,0.7138188709917117,0.22255067567567569,0.6644832605531296,0.5360824742268041,0.0,0.0
