num_points,area,perimeter,aspect_ratio,compactness,bounding_box_area,centroid_x,centroid_y,acute_angle_count,obtuse_angle_count
0.0,0.015458198587658605,0.11959600064750836,0.07415114509220785,0.48958550945323387,0.029401635813996393,0.16812227074235814,0.21501704757334242,1.0,0.0
