num_points,area,perimeter,aspect_ratio,compactness,bounding_box_area,centroid_x,centroid_y,acute_angle_count,obtuse_angle_count
0.06060606060606061,0.22893564070749334,0.47075021531466055,0.11066942819916024,0.850230112008827,0.26087647945986225,6.194121536061683e-17,1.1781335738977604e-16,0.0,0.1388888888888889
