num_points,area,perimeter,aspect_ratio,is_convex,compactness,bounding_box_area,centroid_x,centroid_y,acute_angle_count,obtuse_angle_count
0.06060606060606061,0.11806368972529556,0.2593494929946026,0.09357337830207578,1.0,0.7608367376389699,0.07861384877434636,0.3860391078835994,0.23599473227809875,0.2857142857142857,0.08333333333333333
