num_points,area,perimeter,aspect_ratio,compactness,bounding_box_area,centroid_x,centroid_y,acute_angle_count,obtuse_angle_count
0.0,0.0732679995410503,0.3766307136479946,0.357552669827617,0.34864734460058444,0.11994526756257186,0.8013632974757693,0.19825244056765629,0.6666666666666666,0.027777777777777776
