num_points,area,perimeter,aspect_ratio,compactness,bounding_box_area,centroid_x,centroid_y,acute_angle_count,obtuse_angle_count
0.030303030303030304,0.4512964386352287,0.8550535120657174,0.26642900695366173,0.5532115009175207,0.5834660722506188,0.26881922240474393,0.7423523469400405,0.6666666666666666,0.05555555555555555
