num_points,area,perimeter,aspect_ratio,compactness,bounding_box_area,centroid_x,centroid_y,acute_angle_count,obtuse_angle_count
0.030303030303030304,0.07613226914143323,0.2544802119243207,0.11705713930782825,0.7607027265261426,0.059566262981904206,0.2802037845705968,0.3608247422680413,0.0,0.0
