num_points,area,perimeter,aspect_ratio,compactness,bounding_box_area,centroid_x,centroid_y,acute_angle_count,obtuse_angle_count
0.06060606060606061,0.1526254770672811,0.368996307290265,0.11066942819916023,0.8503715163524803,0.17518680189727678,4.5507831693514415e-17,1.2157796839549409e-16,0.0,0.1388888888888889
