num_points,area,perimeter,aspect_ratio,compactness,bounding_box_area,centroid_x,centroid_y,acute_angle_count,obtuse_angle_count
0.030303030303030304,0.45232823283968465,0.7379327699527112,0.1321162142585701,0.7579380111484583,0.35293496621621623,0.6965065502183406,0.8041237113402061,0.0,0.0
