num_points,area,perimeter,aspect_ratio,compactness,bounding_box_area,centroid_x,centroid_y,acute_angle_count,obtuse_angle_count
0.030303030303030304,0.15235464857238556,0.39186774680247416,0.1197761389517122,0.7604819894482567,0.1188766891891892,0.39228529839883547,0.4948453608247423,0.0,0.0
