num_points,area,perimeter,aspect_ratio,is_convex,compactness,bounding_box_area,centroid_x,centroid_y,acute_angle_count,obtuse_angle_count
0.030303030303030304,0.049096673991424825,0.15510107936797368,0.046002928095349976,1.0,0.7621854484950727,0.020875291891404763,0.04189783992903307,0.06072849457382106,0.0,0.0
