num_points,area,perimeter,aspect_ratio,compactness,bounding_box_area,centroid_x,centroid_y,acute_angle_count,obtuse_angle_count
0.9999999999999999,0.8060899756670608,0.8882239914001725,0.1169257224254804,0.9999999999999981,0.8063735954042445,0.027575610545042872,7.584772254005521e-17,0.0,1.0
