num_points,area,perimeter,aspect_ratio,compactness,bounding_box_area,centroid_x,centroid_y,acute_angle_count,obtuse_angle_count
0.030303030303030304,0.025986481200275878,0.12215050172367392,0.11705713930782825,0.7607027265261426,0.020331951097823302,0.17612809315866088,0.2268041237113403,0.0,0.0
