num_points,area,perimeter,aspect_ratio,compactness,bounding_box_area,centroid_x,centroid_y,acute_angle_count,obtuse_angle_count
0.030303030303030304,0.3684125095164111,0.6565589467647474,0.10858233522299518,0.7597040293017403,0.2882477650430991,0.5764192139737991,0.7938144329896907,0.0,0.0
