num_points,area,perimeter,aspect_ratio,compactness,bounding_box_area,centroid_x,centroid_y,acute_angle_count,obtuse_angle_count
0.030303030303030304,0.4769922950759431,0.8550535120657174,0.2426893451478656,0.5913231296665862,0.5956754353101393,0.31021109834758576,0.7839958502190212,0.6666666666666666,0.05555555555555555
