num_points,area,perimeter,aspect_ratio,compactness,bounding_box_area,centroid_x,centroid_y,acute_angle_count,obtuse_angle_count
0.0,0.09877344001584498,0.42749208742088096,0.05016974806828329,0.3854188603972475,0.15941722972972971,0.20815138282387194,0.5498281786941581,0.6666666666666666,0.0
