num_points,area,perimeter,aspect_ratio,is_convex,compactness,bounding_box_area,centroid_x,centroid_y,acute_angle_count,obtuse_angle_count
0.9999999999999999,0.1369871009303995,0.2481984521293376,0.0625687601812777,1.0,0.9792346991603189,0.07459656671204344,0.2660683535846249,0.26963629042453857,0.0,1.0
