num_points,area,perimeter,aspect_ratio,is_convex,compactness,bounding_box_area,centroid_x,centroid_y,acute_angle_count,obtuse_angle_count
0.2727272727272727,0.14925032474707167,0.3673446616609903,0.05005644520679543,0.0,0.4803372316661967,0.11851571529897098,0.24077855588362895,0.3133035558834726,1.0,0.08333333333333333
