num_points,area,perimeter,aspect_ratio,compactness,bounding_box_area,centroid_x,centroid_y,acute_angle_count,obtuse_angle_count
0.030303030303030304,0.5345386542455073,0.8245158866347989,0.15663168398487531,0.7304829182893253,0.5278408411119982,0.5399724423961986,0.9061778370340744,0.6666666666666666,0.05555555555555555
