num_points,area,perimeter,aspect_ratio,is_convex,compactness,bounding_box_area,centroid_x,centroid_y,acute_angle_count,obtuse_angle_count
0.030303030303030304,0.05346280289447345,0.16528508794480545,0.059322654153233095,1.0,0.7449983505877942,0.0274674893307957,0.10668869712524538,0.1538167901263696,0.2857142857142857,0.05555555555555555
