num_points,area,perimeter,aspect_ratio,compactness,bounding_box_area,centroid_x,centroid_y,acute_angle_count,obtuse_angle_count
0.9999999999999999,0.10509572194438059,0.26547194348684755,0.11692572242548037,0.999999999999999,0.10640464094957792,0.010229661976386903,1.1794456747233378e-16,0.0,1.0
