num_points,area,perimeter,aspect_ratio,compactness,bounding_box_area,centroid_x,centroid_y,acute_angle_count,obtuse_angle_count
0.030303030303030304,0.18401627181034136,0.5292759177591859,0.02819791690345093,0.5243594632654446,0.14358108108108109,0.240174672489083,0.9690721649484535,0.0,0.0
