num_points,area,perimeter,aspect_ratio,is_convex,compactness,bounding_box_area,centroid_x,centroid_y,acute_angle_count,obtuse_angle_count
0.2727272727272727,0.042324718958124875,0.2040803675894391,0.046002928095349976,0.0,0.3707295917883011,0.03315041815785692,0.08623588921220995,0.24763667156851754,0.0,0.0
