num_points,area,perimeter,aspect_ratio,compactness,bounding_box_area,centroid_x,centroid_y,acute_angle_count,obtuse_angle_count
0.0,0.22015762867101835,0.5700356747104783,0.13724741332839652,0.5565425591027706,0.3497996086125026,0.7045123726346434,0.5237816875122379,1.0,0.0
