num_points,area,perimeter,aspect_ratio,compactness,bounding_box_area,centroid_x,centroid_y,acute_angle_count,obtuse_angle_count
0.06060606060606061,0.00999565196528427,0.05089191516915248,0.1106694281991602,0.8502301120088267,0.013647875476304914,7.758453250526241e-17,9.583780886111315e-17,0.0,0.1388888888888889
