num_points,area,perimeter,aspect_ratio,is_convex,compactness,bounding_box_area,centroid_x,centroid_y,acute_angle_count,obtuse_angle_count
0.12121212121212122,0.024503784659966974,0.1879805194497401,0.023803384665544557,0.0,0.21777407432727638,0.021784560503734535,0.17152036277823368,0.23457496735602756,0.42857142857142855,0.05555555555555555
