num_points,area,perimeter,aspect_ratio,compactness,bounding_box_area,centroid_x,centroid_y,acute_angle_count,obtuse_angle_count
0.06060606060606061,0.15258017413923755,0.3689663849763556,0.11066942819916023,0.850230112008827,0.17465533952726595,6.762969432230613e-17,1.0316299170400078e-16,0.0,0.1388888888888889
