num_points,area,perimeter,aspect_ratio,compactness,bounding_box_area,centroid_x,centroid_y,acute_angle_count,obtuse_angle_count
0.06060606060606061,0.06600149191709073,0.21630818013567252,0.11066942819916024,0.8503715163524804,0.07710185219911957,5.404055013604837e-17,1.0692760270971883e-16,0.0,0.1388888888888889
