num_points,area,perimeter,aspect_ratio,compactness,bounding_box_area,centroid_x,centroid_y,acute_angle_count,obtuse_angle_count
0.030303030303030304,0.03221240898784197,0.14250891867761958,0.11705713930782825,0.7607027265261426,0.025203147715010137,0.19213973799126638,0.2474226804123712,0.0,0.0
