num_points,area,perimeter,aspect_ratio,compactness,bounding_box_area,centroid_x,centroid_y,acute_angle_count,obtuse_angle_count
0.030303030303030304,0.03130568976067513,0.19338927764277944,0.3265404958824421,0.4671825600252575,0.04650207437448051,0.059633770504156705,0.20004935654027725,0.6666666666666666,0.05555555555555555
