num_points,area,perimeter,aspect_ratio,is_convex,compactness,bounding_box_area,centroid_x,centroid_y,acute_angle_count,obtuse_angle_count
0.15151515151515152,0.024503784659966995,0.23684651703747756,0.11260155838476638,0.0,0.10979828751543566,0.01610163167667335,0.17202270175042894,0.2872678570140717,0.5714285714285714,0.0
