num_points,area,perimeter,aspect_ratio,compactness,bounding_box_area,centroid_x,centroid_y,acute_angle_count,obtuse_angle_count
0.030303030303030304,0.08904974040716117,0.36645150517102176,0.32654049588244216,0.46726025857101994,0.1253848406927744,0.09459149804107612,0.3173196689949225,0.6666666666666666,0.05555555555555555
