num_points,area,perimeter,aspect_ratio,compactness,bounding_box_area,centroid_x,centroid_y,acute_angle_count,obtuse_angle_count
0.0,0.05103520538806184,0.36645150517102176,0.4053666066522822,0.2318181499866868,0.1085359443102977,0.7955684942584506,0.17789083519655996,0.6666666666666666,0.027777777777777776
