num_points,area,perimeter,aspect_ratio,compactness,bounding_box_area,centroid_x,centroid_y,acute_angle_count,obtuse_angle_count
0.030303030303030304,0.13638853087119418,0.48347319410694867,0.5085930880271159,0.44135141409951906,0.10641891891891893,0.7365356622998545,0.23711340206185572,0.0,0.0
