num_points,area,perimeter,aspect_ratio,compactness,bounding_box_area,centroid_x,centroid_y,acute_angle_count,obtuse_angle_count
0.030303030303030304,0.018144676965155492,0.10178383033830499,0.18372725336489867,0.6900850557253652,0.02175200070991904,0.09755396778192132,0.1897948151448331,0.6666666666666666,0.05555555555555555
