num_points,area,perimeter,aspect_ratio,is_convex,compactness,bounding_box_area,centroid_x,centroid_y,acute_angle_count,obtuse_angle_count
0.030303030303030304,0.008910467149078956,0.05227626396377888,0.0793022432400583,1.0,0.7279934546483667,0.004735774022551006,0.3027257619028538,0.3598453268881239,0.2857142857142857,0.05555555555555555
