num_points,area,perimeter,aspect_ratio,compactness,bounding_box_area,centroid_x,centroid_y,acute_angle_count,obtuse_angle_count
0.0,0.054714699420400616,0.34354828609783283,0.4462388493248312,0.29478085186778274,0.09091288046490788,0.7577177341096555,0.15610213271113446,0.6666666666666666,0.027777777777777776
