num_points,area,perimeter,aspect_ratio,compactness,bounding_box_area,centroid_x,centroid_y,acute_angle_count,obtuse_angle_count
0.030303030303030304,0.035856111786573865,0.2697271503965082,0.8087706487119031,0.2931639000081383,0.02797719594594595,0.5043668122270742,0.1030927835051547,0.0,0.0
