num_points,area,perimeter,aspect_ratio,compactness,bounding_box_area,centroid_x,centroid_y,acute_angle_count,obtuse_angle_count
0.9999999999999999,0.028969649141917693,0.10579193120137981,0.1169257224254804,0.9999999999999987,0.030389912864003287,0.0057819828562187085,1.0408657263114874e-16,0.0,1.0
