num_points,area,perimeter,aspect_ratio,compactness,bounding_box_area,centroid_x,centroid_y,acute_angle_count,obtuse_angle_count
0.9999999999999999,0.9143583389697916,0.952096355202682,0.11705713930782825,0.9999999999999999,0.9144847972972974,2.844239480844651e-17,1.0377342360757475e-16,0.0,1.0
