num_points,area,perimeter,aspect_ratio,compactness,bounding_box_area,centroid_x,centroid_y,acute_angle_count,obtuse_angle_count
0.030303030303030304,0.33335901960583236,0.7227238018650707,0.26642900695366173,0.5532115009175205,0.4318781437264186,0.2316420959019603,0.6396865968313116,0.6666666666666666,0.05555555555555555
