num_points,area,perimeter,aspect_ratio,compactness,bounding_box_area,centroid_x,centroid_y,acute_angle_count,obtuse_angle_count
0.030303030303030304,0.13023210413048056,0.35624340618406747,0.11705713930782825,0.7605762327905327,0.10161528716216217,0.36026200873362446,0.4639175257731959,0.0,0.0
