num_points,area,perimeter,aspect_ratio,compactness,bounding_box_area,centroid_x,centroid_y,acute_angle_count,obtuse_angle_count
0.030303030303030304,0.5030143613584651,0.7837990527269076,0.13639224788655852,0.7564844954528577,0.3935609179951058,0.7445414847161572,0.8350515463917525,0.0,0.0
