num_points,area,perimeter,aspect_ratio,is_convex,compactness,bounding_box_area,centroid_x,centroid_y,acute_angle_count,obtuse_angle_count
0.030303030303030304,0.2171498114970677,0.3673446616609902,0.0587734547151991,1.0,0.7488044868602822,0.10852668577343896,0.19621438995581522,0.32759809132705814,0.2857142857142857,0.05555555555555555
