num_points,area,perimeter,aspect_ratio,is_convex,compactness,bounding_box_area,centroid_x,centroid_y,acute_angle_count,obtuse_angle_count
0.21212121212121213,0.03742396202613142,0.18307346483676412,0.07264238021111638,0.0,0.4024606834358364,0.03220326335334675,0.20666576640575596,0.25910326129845046,0.5714285714285714,0.16666666666666666
