num_points,area,perimeter,aspect_ratio,compactness,bounding_box_area,centroid_x,centroid_y,acute_angle_count,obtuse_angle_count
0.9999999999999999,0.054345006742738726,0.1696639361155671,0.1169257224254804,0.999999999999998,0.05572815555919482,0.00756105450428599,1.1878624912123229e-16,0.0,1.0
