num_points,area,perimeter,aspect_ratio,compactness,bounding_box_area,centroid_x,centroid_y,acute_angle_count,obtuse_angle_count
0.0,0.08459141015714804,0.3562722966940489,0.16056113360997132,0.4650750321400936,0.1376642522248453,0.32023289665211063,0.309278350515464,0.6666666666666666,0.0
