num_points,area,perimeter,aspect_ratio,compactness,bounding_box_area,centroid_x,centroid_y,acute_angle_count,obtuse_angle_count
0.030303030303030304,0.046245179389882325,0.23412179497037502,0.2940121200998595,0.5117899433307043,0.06499496529232576,0.08066885845952261,0.24472384959974738,0.6666666666666666,0.05555555555555555
