num_points,area,perimeter,aspect_ratio,compactness,bounding_box_area,centroid_x,centroid_y,acute_angle_count,obtuse_angle_count
0.030303030303030304,0.0014211356906400872,0.010179208476972831,0.11705713930782825,0.7607027265261427,0.0011119035756622115,0.08806404657933047,0.1134020618556702,0.0,0.0
