num_points,area,perimeter,aspect_ratio,compactness,bounding_box_area,centroid_x,centroid_y,acute_angle_count,obtuse_angle_count
0.030303030303030304,0.19416422797635283,0.5241867262422707,0.3424869279643878,0.5701469916849476,0.1514991554054054,0.7205240174672489,0.3402061855670104,0.0,0.0
