num_points,area,perimeter,aspect_ratio,compactness,bounding_box_area,centroid_x,centroid_y,acute_angle_count,obtuse_angle_count
0.9999999999999999,0.543244474505554,0.7125781312160941,0.11705713930782825,0.9999999999999992,0.543918918918919,5.372452352706563e-17,8.749523951226891e-17,0.0,1.0
