num_points,area,perimeter,aspect_ratio,compactness,bounding_box_area,centroid_x,centroid_y,acute_angle_count,obtuse_angle_count
0.0,0.029767338086966983,0.20356766067660995,0.23125512435095383,0.4058819898005177,0.05173141891891892,0.240174672489083,0.16494845360824748,0.6666666666666666,0.0
