num_points,area,perimeter,aspect_ratio,compactness,bounding_box_area,centroid_x,centroid_y,acute_angle_count,obtuse_angle_count
0.030303030303030304,0.43046876800769485,0.7227238018650707,0.15382107815470974,0.7471852279259574,0.33680088784701573,0.7285298398835517,0.7319587628865979,0.0,0.0
