num_points,area,perimeter,aspect_ratio,compactness,bounding_box_area,centroid_x,centroid_y,acute_angle_count,obtuse_angle_count
0.0,0.8074245841293152,0.8501540000102599,0.1273003935447959,0.6078461094371949,0.716534410062895,0.7235850211594425,0.9995372599907814,1.0,0.0
