num_points,area,perimeter,aspect_ratio,is_convex,compactness,bounding_box_area,centroid_x,centroid_y,acute_angle_count,obtuse_angle_count
0.15151515151515152,0.3007282662814135,0.4011578040888434,0.04600292809535002,1.0,0.9029923195306848,0.13544313704495842,0.2525360007302001,0.32556031488951914,0.0,0.2222222222222222
