num_points,area,perimeter,aspect_ratio,compactness,bounding_box_area,centroid_x,centroid_y,acute_angle_count,obtuse_angle_count
0.030303030303030304,0.372429991292621,0.6819516632666434,0.19669156955581896,0.7121191005891644,0.2905933277027027,0.7605531295487628,0.6082474226804123,0.0,0.0
