num_points,area,perimeter,aspect_ratio,compactness,bounding_box_area,centroid_x,centroid_y,acute_angle_count,obtuse_angle_count
0.06060606060606061,0.28422351665249557,0.5343651092761011,0.11066942819916024,0.850230112008827,0.3233079451122756,7.331817328399544e-17,8.851262601822552e-17,0.0,0.1388888888888889
