num_points,area,perimeter,aspect_ratio,is_convex,compactness,bounding_box_area,centroid_x,centroid_y,acute_angle_count,obtuse_angle_count
0.15151515151515152,0.18489219334338738,0.3104287400034036,0.02380338466554462,1.0,0.880459729045115,0.08997970642846878,0.42910537781869507,0.3162138647748207,0.0,0.2222222222222222
