num_points,area,perimeter,aspect_ratio,compactness,bounding_box_area,centroid_x,centroid_y,acute_angle_count,obtuse_angle_count
0.030303030303030304,0.008456630138342892,0.05089191516915248,0.11705713930782825,0.7605762327905327,0.006598395270270271,0.12008733624454154,0.15463917525773202,0.0,0.0
