num_points,area,perimeter,aspect_ratio,compactness,bounding_box_area,centroid_x,centroid_y,acute_angle_count,obtuse_angle_count
0.06060606060606061,0.23959875248017382,0.4835124026562093,0.11066942819916026,0.8503715163524804,0.273667255424862,4.5507831693514415e-17,7.762687133816831e-17,0.0,0.1388888888888889
