num_points,area,perimeter,aspect_ratio,compactness,bounding_box_area,centroid_x,centroid_y,acute_angle_count,obtuse_angle_count
0.030303030303030304,0.16486900447421354,0.4580272365223724,0.2269183267969567,0.6175196808540153,0.20157917930317468,0.20050464615422758,0.4755348581133848,0.6666666666666666,0.05555555555555555
