num_points,area,perimeter,aspect_ratio,compactness,bounding_box_area,centroid_x,centroid_y,acute_angle_count,obtuse_angle_count
0.030303030303030304,0.0014207138632416063,0.010178383033830493,0.11705713930782825,0.7605762327905327,0.0011085304054054062,0.0880640465793305,0.11340206185567017,0.0,0.0
