num_points,area,perimeter,aspect_ratio,compactness,bounding_box_area,centroid_x,centroid_y,acute_angle_count,obtuse_angle_count
0.030303030303030304,0.06774233788837779,0.2544802119243207,0.19540798910017304,0.6709448782739871,0.07855753863604369,0.1573705301937447,0.32430713010794693,0.6666666666666666,0.05555555555555555
