num_points,area,perimeter,aspect_ratio,compactness,bounding_box_area,centroid_x,centroid_y,acute_angle_count,obtuse_angle_count
0.06060606060606061,0.0845138758403169,0.2544802119243207,0.11066942819916023,0.8503715163524802,0.09806355515880641,5.119631065520371e-17,1.2157796839549409e-16,0.0,0.1388888888888889
