num_points,area,perimeter,aspect_ratio,compactness,bounding_box_area,centroid_x,centroid_y,acute_angle_count,obtuse_angle_count
0.030303030303030304,0.010557007987612074,0.06107525086183696,0.11705713930782825,0.7607027265261427,0.008259855133490717,0.12809315866084428,0.1649484536082475,0.0,0.0
