num_points,area,perimeter,aspect_ratio,compactness,bounding_box_area,centroid_x,centroid_y,acute_angle_count,obtuse_angle_count
0.06060606060606061,0.023031951135474283,0.10178383033830499,0.11066942819916022,0.8502301120088269,0.02836855790382136,6.762969432230613e-17,9.583780886111315e-17,0.0,0.1388888888888889
