num_points,area,perimeter,aspect_ratio,compactness,bounding_box_area,centroid_x,centroid_y,acute_angle_count,obtuse_angle_count
1.0,0.009556476017387135,0.05306089557325416,0.08981555301843398,0.9999999999999999,0.004063294111348749,0.05127074207432304,0.08422910350117402,0.0,0.0
