num_points,area,perimeter,aspect_ratio,compactness,bounding_box_area,centroid_x,centroid_y,acute_angle_count,obtuse_angle_count
0.9999999999999999,0.06957022130323132,0.2015999385726607,0.11692572242548037,0.999999999999998,0.07093110117630974,0.008450590328319619,7.984500134524807e-17,0.0,1.0
