num_points,area,perimeter,aspect_ratio,compactness,bounding_box_area,centroid_x,centroid_y,acute_angle_count,obtuse_angle_count
0.9999999999999999,0.04736678340251289,0.15369593488702024,0.1169257224254804,0.9999999999999976,0.04876013881801716,0.007116286592269175,1.2528519505827756e-16,0.0,1.0
