num_points,area,perimeter,aspect_ratio,compactness,bounding_box_area,centroid_x,centroid_y,acute_angle_count,obtuse_angle_count
0.9999999999999999,0.0778172125234981,0.21756793980120717,0.1169257224254804,0.9999999999999999,0.07916603005224702,0.008895358240336451,1.1048066287561925e-16,0.0,1.0
