num_points,area,perimeter,aspect_ratio,is_convex,compactness,bounding_box_area,centroid_x,centroid_y,acute_angle_count,obtuse_angle_count
0.12121212121212122,0.02450378465996701,0.17666939974046025,0.062652585667704,0.0,0.2536715926696177,0.01799594128569376,0.06078928393563556,0.09127477059428299,0.5714285714285714,0.027777777777777776
