num_points,area,perimeter,aspect_ratio,compactness,bounding_box_area,centroid_x,centroid_y,acute_angle_count,obtuse_angle_count
0.9999999999999999,0.46035072835587454,0.6487039729719705,0.1169257224254804,0.9999999999999987,0.4611400386822596,0.02090409186479055,1.6442977966861381e-16,0.0,1.0
