num_points,area,perimeter,aspect_ratio,compactness,bounding_box_area,centroid_x,centroid_y,acute_angle_count,obtuse_angle_count
0.030303030303030304,0.45435782407288694,0.7481111529865416,0.08306964375927899,0.7407042490452604,0.3545185810810811,0.5684133915574964,0.9896907216494845,0.0,0.0
