num_points,area,perimeter,aspect_ratio,compactness,bounding_box_area,centroid_x,centroid_y,acute_angle_count,obtuse_angle_count
0.0,0.17395723090439177,0.5089191516915249,0.1672177623207797,0.5318265957965461,0.276743484297885,0.5929273439174932,0.42696624043308035,1.0,0.0
