num_points,area,perimeter,aspect_ratio,compactness,bounding_box_area,centroid_x,centroid_y,acute_angle_count,obtuse_angle_count
0.030303030303030304,0.18407090850195412,0.529318840802587,0.02819791690345093,0.5244466710750648,0.14401798694291507,0.24017467248908297,0.9690721649484535,0.0,0.0
