num_points,area,perimeter,aspect_ratio,compactness,bounding_box_area,centroid_x,centroid_y,acute_angle_count,obtuse_angle_count
0.030303030303030304,0.0,0.0,0.11705713930782825,0.7605762327905327,0.0,0.08005822416302773,0.1030927835051547,0.0,0.0
