num_points,area,perimeter,aspect_ratio,compactness,bounding_box_area,centroid_x,centroid_y,acute_angle_count,obtuse_angle_count
0.06060606060606061,0.007320727783090834,0.038172031788648114,0.11066942819916022,0.8503715163524801,0.01065720885520666,5.688478961689302e-17,1.0692760270971883e-16,0.0,0.1388888888888889
