num_points,area,perimeter,aspect_ratio,is_convex,compactness,bounding_box_area,centroid_x,centroid_y,acute_angle_count,obtuse_angle_count
0.12121212121212122,0.006682850361809178,0.09126751496062606,0.01270361295064196,0.0,0.21783614328008724,0.006630083631571377,0.10552828113258055,0.2644438036925996,0.42857142857142855,0.05555555555555555
