num_points,area,perimeter,aspect_ratio,compactness,bounding_box_area,centroid_x,centroid_y,acute_angle_count,obtuse_angle_count
0.030303030303030304,0.07664450363615373,0.26465942040129353,0.16617949007865107,0.7172955787974877,0.08013404822473465,0.19914794048582304,0.3529694287280982,0.6666666666666666,0.05555555555555555
