num_points,area,perimeter,aspect_ratio,compactness,bounding_box_area,centroid_x,centroid_y,acute_angle_count,obtuse_angle_count
0.06060606060606061,0.09115039083166214,0.26720422252053666,0.11066942819916023,0.8503715163524803,0.10557812791793941,2.844239480844651e-17,1.2157796839549409e-16,0.0,0.1388888888888889
