num_points,area,perimeter,aspect_ratio,compactness,bounding_box_area,centroid_x,centroid_y,acute_angle_count,obtuse_angle_count
0.9999999999999999,0.7544934152120575,0.8562879889430782,0.11692572242548042,0.9999999999999989,0.7548525019240216,0.02668607472100928,1.9617989079256864e-16,0.0,1.0
