num_points,area,perimeter,aspect_ratio,compactness,bounding_box_area,centroid_x,centroid_y,acute_angle_count,obtuse_angle_count
0.030303030303030304,0.3290925276884647,0.6208813650636604,0.1420832809067302,0.7471047264289021,0.3022845045495613,0.4697094419520577,0.7208386645759461,0.6666666666666666,0.05555555555555555
