num_points,area,perimeter,aspect_ratio,compactness,bounding_box_area,centroid_x,centroid_y,acute_angle_count,obtuse_angle_count
0.9999999999999999,0.14738798461241567,0.32934394840103476,0.1169257224254804,0.999999999999999,0.14863504544156383,0.012008733624454199,8.279230517054316e-17,0.0,1.0
