num_points,area,perimeter,aspect_ratio,is_convex,compactness,bounding_box_area,centroid_x,centroid_y,acute_angle_count,obtuse_angle_count
0.15151515151515152,0.3521639378994714,0.4277596892204072,0.04600292809535002,1.0,0.9446000581866179,0.21216267621028453,0.29080275854808746,0.37196259631594164,0.0,0.2222222222222222
