num_points,area,perimeter,aspect_ratio,compactness,bounding_box_area,centroid_x,centroid_y,acute_angle_count,obtuse_angle_count
0.030303030303030304,0.2463844058107014,0.5496326838268469,0.18751598623697713,0.6839139116542681,0.27258460710946986,0.3039719092246264,0.6027516421559428,0.6666666666666666,0.05555555555555555
