num_points,area,perimeter,aspect_ratio,compactness,bounding_box_area,centroid_x,centroid_y,acute_angle_count,obtuse_angle_count
0.030303030303030304,0.015158780700160928,0.08143366781578262,0.11705713930782825,0.7607027265261427,0.011860304807063592,0.1441048034934498,0.1855670103092784,0.0,0.0
