num_points,area,perimeter,aspect_ratio,compactness,bounding_box_area,centroid_x,centroid_y,acute_angle_count,obtuse_angle_count
0.030303030303030304,0.3466712951255315,0.48979288221465384,0.15279021741610233,0.6077065568251514,0.20312358951387513,0.3961921526892735,0.2955675215527315,0.6666666666666666,0.05555555555555555
