num_points,area,perimeter,aspect_ratio,compactness,bounding_box_area,centroid_x,centroid_y,acute_angle_count,obtuse_angle_count
0.030303030303030304,0.1491073025992619,0.38677855528555893,0.11705713930782825,0.7605762327905327,0.11634290540540541,0.3842794759825327,0.4948453608247423,0.0,0.0
