num_points,area,perimeter,aspect_ratio,compactness,bounding_box_area,centroid_x,centroid_y,acute_angle_count,obtuse_angle_count
0.030303030303030304,0.05493426937867543,0.21374604371044045,0.19318912933657864,0.7153628667486213,0.04286317567567568,0.3042212518195051,0.24742268041237117,0.0,0.0
