num_points,area,perimeter,aspect_ratio,compactness,bounding_box_area,centroid_x,centroid_y,acute_angle_count,obtuse_angle_count
0.030303030303030304,0.12208232313879605,0.38680992212496745,0.04028538465698755,0.6067299690334085,0.09551781192831572,0.22416302765647744,0.7010309278350515,0.0,0.0
