num_points,area,perimeter,aspect_ratio,compactness,bounding_box_area,centroid_x,centroid_y,acute_angle_count,obtuse_angle_count
0.030303030303030304,0.4195733943794542,0.7074549891496115,0.13271857725659977,0.7578611644939519,0.3282762937669388,0.6724890829694323,0.7731958762886597,0.0,0.0
