num_points,area,perimeter,aspect_ratio,is_convex,compactness,bounding_box_area,centroid_x,centroid_y,acute_angle_count,obtuse_angle_count
0.030303030303030304,0.21162359479062395,0.4081607351788781,0.15700064524437707,1.0,0.5802070027119655,0.08997970642846871,0.22979964876603606,0.24580204483814605,0.0,0.0
