num_points,area,perimeter,aspect_ratio,compactness,bounding_box_area,centroid_x,centroid_y,acute_angle_count,obtuse_angle_count
0.9999999999999999,0.023683116308413348,0.08982392997283306,0.11692572242548042,0.9999999999999994,0.025111112302505036,0.005337214944201906,1.0142904001458448e-16,0.0,1.0
