num_points,area,perimeter,aspect_ratio,compactness,bounding_box_area,centroid_x,centroid_y,acute_angle_count,obtuse_angle_count
0.9999999999999999,0.9143581680972295,0.9520959963143589,0.11692572242548037,0.9999999999999989,0.9144834309037284,0.029354682193110115,0.0,0.0,1.0
