num_points,area,perimeter,aspect_ratio,compactness,bounding_box_area,centroid_x,centroid_y,acute_angle_count,obtuse_angle_count
0.030303030303030304,0.1426802636941213,0.3766001722517285,0.11705713930782825,0.7605762327905327,0.11132812500000001,0.37627365356623,0.4845360824742268,0.0,0.0
