num_points,area,perimeter,aspect_ratio,compactness,bounding_box_area,centroid_x,centroid_y,acute_angle_count,obtuse_angle_count
0.9999999999999999,0.3315707885317079,0.5369279643721425,0.1169257224254804,1.0,0.3325484570041626,0.017790716480672843,1.1403372304151968e-16,0.0,1.0
