num_points,area,perimeter,aspect_ratio,is_convex,compactness,bounding_box_area,centroid_x,centroid_y,acute_angle_count,obtuse_angle_count
0.09090909090909091,0.15816079189615065,0.2857125146252147,0.07930224324005809,1.0,0.8722824081938519,0.08997970642846873,0.28635023690123884,0.2582180547940592,0.0,0.16666666666666666
