num_points,area,perimeter,aspect_ratio,compactness,bounding_box_area,centroid_x,centroid_y,acute_angle_count,obtuse_angle_count
0.030303030303030304,0.04256639759107689,0.17304654410853806,0.11705713930782825,0.7607027265261427,0.033304159480549114,0.21615720524017468,0.2783505154639176,0.0,0.0
