num_points,area,perimeter,aspect_ratio,compactness,bounding_box_area,centroid_x,centroid_y,acute_angle_count,obtuse_angle_count
0.0,0.1360509831418574,0.4453403708675612,0.15586826641970608,0.5216734710312696,0.2181886997925193,0.7093807781580708,0.3920151739038343,1.0,0.0
