num_points,area,perimeter,aspect_ratio,is_convex,compactness,bounding_box_area,centroid_x,centroid_y,acute_angle_count,obtuse_angle_count
0.15151515151515152,0.2784520984087158,0.37724830178488167,0.046002928095349935,1.0,0.9392302791092932,0.13544313704495817,0.4363876399369585,0.32374707540401987,0.0,0.2222222222222222
