num_points,area,perimeter,aspect_ratio,compactness,bounding_box_area,centroid_x,centroid_y,acute_angle_count,obtuse_angle_count
0.030303030303030304,0.37750396937562675,0.6666840887158977,0.13360091178892494,0.7574261260318168,0.29455236486486486,0.6404657933042213,0.7319587628865979,0.0,0.0
