num_points,area,perimeter,aspect_ratio,compactness,bounding_box_area,centroid_x,centroid_y,acute_angle_count,obtuse_angle_count
0.9999999999999999,0.9424825227714725,0.9680639975429055,0.11692572242548037,0.9999999999999992,0.942566649890899,0.029799450105126978,8.83723457434091e-17,0.0,1.0
