num_points,area,perimeter,aspect_ratio,compactness,bounding_box_area,centroid_x,centroid_y,acute_angle_count,obtuse_angle_count
0.030303030303030304,0.09092568724746278,0.284994724947254,0.11705713930782825,0.7605762327905325,0.07094594594594596,0.3042212518195051,0.3917525773195877,0.0,0.0
