num_points,area,perimeter,aspect_ratio,compactness,bounding_box_area,centroid_x,centroid_y,acute_angle_count,obtuse_angle_count
0.0,0.19516752324006867,0.5521772795853046,0.09063275076590195,0.5150021997742597,0.3098426952931065,0.6251116314719883,0.594617263771364,1.0,0.0
