num_points,area,perimeter,aspect_ratio,compactness,bounding_box_area,centroid_x,centroid_y,acute_angle_count,obtuse_angle_count
0.9999999999999999,0.03460553555049,0.10645843190678587,0.08981555301843382,1.0,0.01909464085892559,0.07070912920795329,0.08911930894728128,0.0,1.0
