num_points,area,perimeter,aspect_ratio,compactness,bounding_box_area,centroid_x,centroid_y,acute_angle_count,obtuse_angle_count
0.030303030303030304,0.05493426937867543,0.2391920012950167,0.3162596395334307,0.5944491118534627,0.04286317567567568,0.3842794759825327,0.19587628865979387,0.0,0.0
