num_points,area,perimeter,aspect_ratio,compactness,bounding_box_area,centroid_x,centroid_y,acute_angle_count,obtuse_angle_count
0.030303030303030304,0.01766268644081251,0.09161287629275544,0.11705713930782825,0.7607027265261423,0.013819373011801778,0.15211062590975258,0.1958762886597939,0.0,0.0
