num_points,area,perimeter,aspect_ratio,compactness,bounding_box_area,centroid_x,centroid_y,acute_angle_count,obtuse_angle_count
0.030303030303030304,0.3345799971129108,0.7736198442499348,0.31786912716578164,0.4786724516490241,0.45710100410580595,0.18496317195652454,0.6046583398492255,0.6666666666666666,0.05555555555555555
