num_points,area,perimeter,aspect_ratio,compactness,bounding_box_area,centroid_x,centroid_y,acute_angle_count,obtuse_angle_count
0.030303030303030304,0.06194116428382414,0.2544595758457625,0.23200249669834858,0.6089777608347204,0.07830823148765222,0.12351581671307318,0.2991372684476955,0.6666666666666666,0.05555555555555555
