num_points,area,perimeter,aspect_ratio,compactness,bounding_box_area,centroid_x,centroid_y,acute_angle_count,obtuse_angle_count
0.030303030303030304,0.006496620300068968,0.0407168339078913,0.11705713930782825,0.7607027265261427,0.005082987774455825,0.11208151382823875,0.1443298969072166,0.0,0.0
