num_points,area,perimeter,aspect_ratio,is_convex,compactness,bounding_box_area,centroid_x,centroid_y,acute_angle_count,obtuse_angle_count
0.21212121212121213,0.05591318136047007,0.27795969442081875,0.11260155838476621,0.0,0.2582850631649348,0.05635571086835671,0.21590680956519354,0.24525475041220213,0.7142857142857142,0.1388888888888889
