num_points,area,perimeter,aspect_ratio,compactness,bounding_box_area,centroid_x,centroid_y,acute_angle_count,obtuse_angle_count
0.030303030303030304,0.2439616268932149,0.5802148831874511,0.040123759910354204,0.6058093566896562,0.19087678048867973,0.31222707423580787,0.979381443298969,0.0,0.0
