num_points,area,perimeter,aspect_ratio,compactness,bounding_box_area,centroid_x,centroid_y,acute_angle_count,obtuse_angle_count
0.030303030303030304,0.04113304899289983,0.25954876736267773,0.6282290723580094,0.3720027440160123,0.0320945945945946,0.4723435225618631,0.12371134020618563,0.0,0.0
