num_points,area,perimeter,aspect_ratio,compactness,bounding_box_area,centroid_x,centroid_y,acute_angle_count,obtuse_angle_count
0.0,0.055458671280041144,0.33082427550161686,0.41831675936145,0.3253053780800125,0.09207705497178242,0.6874059144801503,0.16204212188358852,0.6666666666666666,0.027777777777777776
