num_points,area,perimeter,aspect_ratio,compactness,bounding_box_area,centroid_x,centroid_y,acute_angle_count,obtuse_angle_count
0.9999999999999999,0.5218859705378651,0.6966079766576112,0.1169257224254804,0.9999999999999968,0.5225852772180991,0.02223839560084103,6.837460728424272e-17,0.0,1.0
