num_points,area,perimeter,aspect_ratio,compactness,bounding_box_area,centroid_x,centroid_y,acute_angle_count,obtuse_angle_count
0.030303030303030304,0.015593317510888102,0.08163214703577563,0.21984190258722897,0.5644099663920139,0.006630083631571386,0.058036155335677256,0.06674621688452612,0.0,0.0
