num_points,area,perimeter,aspect_ratio,is_convex,compactness,bounding_box_area,centroid_x,centroid_y,acute_angle_count,obtuse_angle_count
0.030303030303030304,0.11351935147926537,0.28570982073472934,0.14602904641301795,1.0,0.5965013232401433,0.06303125793054463,0.14836561567410753,0.08317150253212705,0.2857142857142857,0.05555555555555555
