num_points,area,perimeter,aspect_ratio,compactness,bounding_box_area,centroid_x,centroid_y,acute_angle_count,obtuse_angle_count
0.06060606060606061,0.2504267506239476,0.4962364132524253,0.11066942819916022,0.8503715163524803,0.2859278741371317,5.119631065520371e-17,1.0692760270971883e-16,0.0,0.1388888888888889
