num_points,area,perimeter,aspect_ratio,compactness,bounding_box_area,centroid_x,centroid_y,acute_angle_count,obtuse_angle_count
0.030303030303030304,0.07060515072790151,0.2544595758457625,0.17644126988019734,0.7016796319322959,0.07672500627395867,0.179787728839199,0.3368589167773409,0.6666666666666666,0.05555555555555555
