num_points,area,perimeter,aspect_ratio,compactness,bounding_box_area,centroid_x,centroid_y,acute_angle_count,obtuse_angle_count
0.030303030303030304,0.5154485201922759,0.7939138766387789,0.1327814745977595,0.7577135790990456,0.40218538851351354,0.7445414847161572,0.8556701030927835,0.0,0.0
