num_points,area,perimeter,aspect_ratio,compactness,bounding_box_area,centroid_x,centroid_y,acute_angle_count,obtuse_angle_count
0.9999999999999999,0.36625044391949646,0.5688639668292365,0.1169257224254804,0.9999999999999982,0.36717738868759087,0.018680252304706473,1.3359219935804084e-16,0.0,1.0
