num_points,area,perimeter,aspect_ratio,is_convex,compactness,bounding_box_area,centroid_x,centroid_y,acute_angle_count,obtuse_angle_count
0.9999999999999999,0.048531112993877384,0.1320713893719465,0.04600292809534999,1.0,0.9999999999999991,0.02667187929500717,0.06774616605159292,0.0905526908689751,0.0,1.0
