num_points,area,perimeter,aspect_ratio,compactness,bounding_box_area,centroid_x,centroid_y,acute_angle_count,obtuse_angle_count
0.9999999999999999,0.2522742878942775,0.45709202563040074,0.11705713930782825,0.9999999999999979,0.2533783783783784,5.372452352706563e-17,5.595625782761384e-17,0.0,1.0
