num_points,area,perimeter,aspect_ratio,is_convex,compactness,bounding_box_area,centroid_x,centroid_y,acute_angle_count,obtuse_angle_count
0.030303030303030304,0.05346280289447349,0.16326429407155124,0.046002928095349976,1.0,0.7621854484950727,0.022731715308244752,0.0561173791406601,0.052931088116997004,0.0,0.0
