num_points,area,perimeter,aspect_ratio,is_convex,compactness,bounding_box_area,centroid_x,centroid_y,acute_angle_count,obtuse_angle_count
0.030303030303030304,0.11074095644134321,0.27296216132462586,0.10718439307734651,1.0,0.6371965503643444,0.06771940711521525,0.1472040491183011,0.11216277880772649,0.2857142857142857,0.05555555555555555
