num_points,area,perimeter,aspect_ratio,is_convex,compactness,bounding_box_area,centroid_x,centroid_y,acute_angle_count,obtuse_angle_count
0.9999999999999999,0.06043748170797365,0.15128110747081702,0.046002928095349976,1.0,0.9999999999999993,0.03315041815785692,0.052018481538717,0.08979999438218081,0.0,1.0
