num_points,area,perimeter,aspect_ratio,compactness,bounding_box_area,centroid_x,centroid_y,acute_angle_count,obtuse_angle_count
0.030303030303030304,0.10147956166011471,0.305351491014915,0.11705713930782825,0.7605762327905327,0.07918074324324324,0.32023289665211063,0.4123711340206186,0.0,0.0
