num_points,area,perimeter,aspect_ratio,is_convex,compactness,bounding_box_area,centroid_x,centroid_y,acute_angle_count,obtuse_angle_count
0.030303030303030304,0.45299447176395763,0.6530571762862051,0.14018761428611376,1.0,0.5042122252330686,0.38604390623898116,0.30330005079325273,0.4475719856296275,0.2857142857142857,0.05555555555555555
