num_points,area,perimeter,aspect_ratio,compactness,bounding_box_area,centroid_x,centroid_y,acute_angle_count,obtuse_angle_count
0.9999999999999999,0.17107165170651517,0.36127995085812836,0.11692572242548037,0.9999999999999983,0.17228407195707596,0.012898269448487843,1.013333949811077e-16,0.0,1.0
