num_points,area,perimeter,aspect_ratio,compactness,bounding_box_area,centroid_x,centroid_y,acute_angle_count,obtuse_angle_count
0.0,0.027748035056199806,0.35881709881329216,1.0,0.09473464428115805,0.048715177982701516,0.668381226523614,0.0787722043291993,0.6666666666666666,0.027777777777777776
