num_points,area,perimeter,aspect_ratio,compactness,bounding_box_area,centroid_x,centroid_y,acute_angle_count,obtuse_angle_count
0.030303030303030304,0.2523632728348285,0.5598564662335055,0.1914079336106254,0.6776086878252969,0.2831340297629915,0.3004570180898107,0.6073196511070335,0.6666666666666666,0.05555555555555555
