num_points,area,perimeter,aspect_ratio,is_convex,compactness,bounding_box_area,centroid_x,centroid_y,acute_angle_count,obtuse_angle_count
0.9999999999999999,0.04128981272331593,0.11926491063936616,0.04600292809534996,1.0,0.9999999999999993,0.022731715308244756,0.18692236923318203,0.11343282968765703,0.0,1.0
