num_points,area,perimeter,aspect_ratio,is_convex,compactness,bounding_box_area,centroid_x,centroid_y,acute_angle_count,obtuse_angle_count
0.9999999999999999,0.17184210125507293,0.27934589479662014,0.046002928095349976,1.0,0.9999999999999996,0.0937683256465096,0.22871608070607133,0.19159508694192598,0.0,1.0
