num_points,area,perimeter,aspect_ratio,is_convex,compactness,bounding_box_area,centroid_x,centroid_y,acute_angle_count,obtuse_angle_count
0.9999999999999999,0.06043748170797367,0.15128110747081702,0.04600292809534999,1.0,0.9999999999999996,0.03315041815785692,0.15077909551963595,0.15346095643439261,0.0,1.0
