num_points,area,perimeter,aspect_ratio,compactness,bounding_box_area,centroid_x,centroid_y,acute_angle_count,obtuse_angle_count
0.0,0.02223864753370711,0.11338143178655792,0.10553326369345668,0.6190464483816934,0.020163979904957295,0.17124197928999407,0.2346996121504628,1.0,0.0
