num_points,area,perimeter,aspect_ratio,compactness,bounding_box_area,centroid_x,centroid_y,acute_angle_count,obtuse_angle_count
0.0,0.042363378206699734,0.23412179497037502,0.08442914358122096,0.46507503214009355,0.07158541115691955,0.17612809315866088,0.302405498281787,0.6666666666666666,0.0
