num_points,area,perimeter,aspect_ratio,compactness,bounding_box_area,centroid_x,centroid_y,acute_angle_count,obtuse_angle_count
0.030303030303030304,0.39686590592280113,0.7837990527269076,0.25413437632658226,0.5726930500884999,0.5049385820798364,0.2676942999369324,0.7067725315854105,0.6666666666666666,0.05555555555555555
