num_points,area,perimeter,aspect_ratio,compactness,bounding_box_area,centroid_x,centroid_y,acute_angle_count,obtuse_angle_count
0.0,0.16692253415988226,0.48601778986540634,0.13724741332839657,0.5564500142164807,0.2657656576772559,0.616448326055313,0.458308976573208,1.0,0.0
