num_points,area,perimeter,aspect_ratio,compactness,bounding_box_area,centroid_x,centroid_y,acute_angle_count,obtuse_angle_count
0.0,0.068618521862687,0.39186774680247416,0.3383967030849604,0.2938911417186685,0.13105839688862395,0.3231980160655561,0.21272834329414467,0.6666666666666666,0.027777777777777776
