num_points,area,perimeter,aspect_ratio,compactness,bounding_box_area,centroid_x,centroid_y,acute_angle_count,obtuse_angle_count
0.9999999999999999,0.26728801118599316,0.4730599072295065,0.11705713930782825,0.9999999999999981,0.26836993243243246,5.6884789616893e-17,9.563433155992183e-17,0.0,1.0
