num_points,area,perimeter,aspect_ratio,compactness,bounding_box_area,centroid_x,centroid_y,acute_angle_count,obtuse_angle_count
0.030303030303030304,0.45246253464855335,0.7379926145805299,0.1321162142585701,0.7580640661134408,0.35400891937512136,0.6965065502183406,0.8041237113402061,0.0,0.0
