num_points,area,perimeter,aspect_ratio,is_convex,compactness,bounding_box_area,centroid_x,centroid_y,acute_angle_count,obtuse_angle_count
0.9999999999999999,0.39134080223980966,0.4405974095130877,0.046002928095349976,1.0,0.9999999999999984,0.21320279797148287,0.12463566412503317,0.2023835182575369,0.0,1.0
