num_points,area,perimeter,aspect_ratio,is_convex,compactness,bounding_box_area,centroid_x,centroid_y,acute_angle_count,obtuse_angle_count
0.09090909090909091,0.17035699380645253,0.29591428809594894,0.04387538230682067,1.0,0.8840030562188597,0.09689393650139326,0.35292508132809514,0.3074415896329308,0.0,0.16666666666666666
