num_points,area,perimeter,aspect_ratio,compactness,bounding_box_area,centroid_x,centroid_y,acute_angle_count,obtuse_angle_count
0.030303030303030304,0.09616351506664587,0.29519704583221196,0.11705713930782825,0.7607027265261423,0.07523880861980967,0.31222707423580787,0.4020618556701031,0.0,0.0
