num_points,area,perimeter,aspect_ratio,compactness,bounding_box_area,centroid_x,centroid_y,acute_angle_count,obtuse_angle_count
0.9999999999999999,0.7293300589662544,0.8403211840089411,0.11705713930782825,0.9999999999999997,0.7297297297297297,1.0112851487447648e-16,6.816489589909321e-17,0.0,1.0
