num_points,area,perimeter,aspect_ratio,compactness,bounding_box_area,centroid_x,centroid_y,acute_angle_count,obtuse_angle_count
0.0,0.050078114813031635,0.2544802119243207,0.11084228297895067,0.4819680432478678,0.08365750712125213,0.21348859776807377,0.2886597938144331,0.6666666666666666,0.0
