num_points,area,perimeter,aspect_ratio,compactness,bounding_box_area,centroid_x,centroid_y,acute_angle_count,obtuse_angle_count
0.030303030303030304,0.05875455569229021,0.22394258649340218,0.1695162082457922,0.7123840728788171,0.0626599862569055,0.1727802107940909,0.3119236538059602,0.6666666666666666,0.05555555555555555
