num_points,area,perimeter,aspect_ratio,compactness,bounding_box_area,centroid_x,centroid_y,acute_angle_count,obtuse_angle_count
0.030303030303030304,0.05716681973519795,0.2951731079810844,0.5346954846084018,0.42477103232661306,0.04460515202702703,0.5043668122270742,0.15463917525773202,0.0,0.0
