num_points,area,perimeter,aspect_ratio,compactness,bounding_box_area,centroid_x,centroid_y,acute_angle_count,obtuse_angle_count
0.030303030303030304,0.061959555376404254,0.2544802119243207,0.23200249669834858,0.6090790417695569,0.07854651723608927,0.12351581671307316,0.2991372684476955,0.6666666666666666,0.05555555555555555
