num_points,area,perimeter,aspect_ratio,is_convex,compactness,bounding_box_area,centroid_x,centroid_y,acute_angle_count,obtuse_angle_count
0.15151515151515152,0.060145653256282655,0.3959796726758848,0.0682024715251553,0.0,0.09675189425074812,0.044516275811979256,0.19404669667755728,0.4281279752787423,0.5714285714285714,0.0
