num_points,area,perimeter,aspect_ratio,compactness,bounding_box_area,centroid_x,centroid_y,acute_angle_count,obtuse_angle_count
0.030303030303030304,0.07144161140872075,0.33079744859949123,0.5085930880271159,0.44135141409951917,0.05574324324324325,0.5443959243085881,0.17525773195876293,0.0,0.0
