num_points,area,perimeter,aspect_ratio,compactness,bounding_box_area,centroid_x,centroid_y,acute_angle_count,obtuse_angle_count
0.030303030303030304,0.14272262721714016,0.3766307136479946,0.11705713930782825,0.7607027265261426,0.11166688767007642,0.37627365356623,0.4845360824742268,0.0,0.0
