num_points,area,perimeter,aspect_ratio,compactness,bounding_box_area,centroid_x,centroid_y,acute_angle_count,obtuse_angle_count
0.030303030303030304,0.2782719028529541,0.5700356747104783,0.07689960610585003,0.731384277496121,0.21772130967252454,0.4323144104803493,0.8041237113402061,0.0,0.0
