num_points,area,perimeter,aspect_ratio,compactness,bounding_box_area,centroid_x,centroid_y,acute_angle_count,obtuse_angle_count
0.030303030303030304,0.08093706123835924,0.26465942040129353,0.11705713930782825,0.7607027265261427,0.06332555602342882,0.28820960698689957,0.3711340206185567,0.0,0.0
