num_points,area,perimeter,aspect_ratio,is_convex,compactness,bounding_box_area,centroid_x,centroid_y,acute_angle_count,obtuse_angle_count
0.9999999999999999,0.06572873970872249,0.16671114427826889,0.02208267624345159,0.0,0.9207727330274877,0.035928803101205185,1.0,0.9371453805763799,0.0,0.9444444444444444
