num_points,area,perimeter,aspect_ratio,compactness,bounding_box_area,centroid_x,centroid_y,acute_angle_count,obtuse_angle_count
0.030303030303030304,0.1491515743890834,0.38680992212496745,0.11705713930782825,0.7607027265261426,0.116696927655215,0.3842794759825327,0.4948453608247423,0.0,0.0
