num_points,area,perimeter,aspect_ratio,compactness,bounding_box_area,centroid_x,centroid_y,acute_angle_count,obtuse_angle_count
0.06060606060606061,0.22900361451153495,0.47078839205999323,0.11066942819916024,0.8503715163524804,0.2616703059322111,3.981935273182511e-17,1.3622833408126934e-16,0.0,0.1388888888888889
