num_points,area,perimeter,aspect_ratio,compactness,bounding_box_area,centroid_x,centroid_y,acute_angle_count,obtuse_angle_count
0.06060606060606061,0.11245709685650733,0.3053762543091848,0.11066942819916022,0.8503715163524803,0.12970386151305066,3.413087377013581e-17,1.2157796839549409e-16,0.0,0.1388888888888889
