num_points,area,perimeter,aspect_ratio,is_convex,compactness,bounding_box_area,centroid_x,centroid_y,acute_angle_count,obtuse_angle_count
0.9999999999999999,0.06907420385802386,0.16409170173263676,0.046002928095349976,1.0,0.9999999999999993,0.037849864432394964,0.04787961698000443,0.0800149404958165,0.0,1.0
