num_points,area,perimeter,aspect_ratio,is_convex,compactness,bounding_box_area,centroid_x,centroid_y,acute_angle_count,obtuse_angle_count
0.2727272727272727,0.11249464775712127,0.30859646141513136,0.06265258566770393,0.0,0.5003632770301276,0.07482522955630562,0.12789872059004767,0.21594310019315988,0.0,0.3333333333333333
