num_points,area,perimeter,aspect_ratio,compactness,bounding_box_area,centroid_x,centroid_y,acute_angle_count,obtuse_angle_count
0.9999999999999999,0.31486671175833114,0.5209635520268241,0.11705713930782825,0.9999999999999981,0.3158783783783784,6.32053217965478e-17,5.137801855080907e-17,0.0,1.0
