num_points,area,perimeter,aspect_ratio,compactness,bounding_box_area,centroid_x,centroid_y,acute_angle_count,obtuse_angle_count
0.030303030303030304,0.3776160549415088,0.6667381552417202,0.13360091178892494,0.7575520958636359,0.29544866439024486,0.6404657933042213,0.7319587628865979,0.0,0.0
