num_points,area,perimeter,aspect_ratio,is_convex,compactness,bounding_box_area,centroid_x,centroid_y,acute_angle_count,obtuse_angle_count
0.15151515151515152,0.01002427554271378,0.1900260536357984,0.046002928095349976,0.0,0.0328566452687053,0.03315041815785692,0.05576521257784058,0.13191304456377737,0.5714285714285714,0.1111111111111111
