num_points,area,perimeter,aspect_ratio,compactness,bounding_box_area,centroid_x,centroid_y,acute_angle_count,obtuse_angle_count
0.030303030303030304,0.1450911867015403,0.4122579433173995,0.04988185398834264,0.6542002486446868,0.1135200602961801,0.26419213973799127,0.7010309278350515,0.0,0.0
