num_points,area,perimeter,aspect_ratio,compactness,bounding_box_area,centroid_x,centroid_y,acute_angle_count,obtuse_angle_count
0.9999999999999999,0.1590200347724949,0.3453168544366595,0.11705713930782825,0.9999999999999981,0.16026182432432431,6.32053217965478e-17,1.1801683469096736e-16,0.0,1.0
