num_points,area,perimeter,aspect_ratio,compactness,bounding_box_area,centroid_x,centroid_y,acute_angle_count,obtuse_angle_count
0.9999999999999999,0.3662517083764564,0.5688671968241414,0.11705713930782825,0.999999999999999,0.3671875,4.424372525758345e-17,1.4345149733988275e-16,0.0,1.0
