num_points,area,perimeter,aspect_ratio,is_convex,compactness,bounding_box_area,centroid_x,centroid_y,acute_angle_count,obtuse_angle_count
0.15151515151515152,0.006125946164991754,0.14357670767689207,0.012703612950641933,0.0,0.0432443036709971,0.016101631676673365,0.06042409295439798,0.10513725560422021,0.5714285714285714,0.08333333333333333
