num_points,area,perimeter,aspect_ratio,compactness,bounding_box_area,centroid_x,centroid_y,acute_angle_count,obtuse_angle_count
0.030303030303030304,0.0732802225089815,0.2850178373552391,0.23725634292021586,0.6003117339823156,0.09325766269366118,0.12972711033861922,0.32090492456682157,0.6666666666666666,0.05555555555555555
