num_points,area,perimeter,aspect_ratio,is_convex,compactness,bounding_box_area,centroid_x,centroid_y,acute_angle_count,obtuse_angle_count
0.21212121212121213,0.016150221707705522,0.14782390999341488,0.012703612950641926,0.0,0.22159402608281,0.01610163167667336,0.04416733842745835,0.08007329583947703,0.42857142857142855,0.1111111111111111
