num_points,area,perimeter,aspect_ratio,compactness,bounding_box_area,centroid_x,centroid_y,acute_angle_count,obtuse_angle_count
0.9999999999999999,0.2672865492762946,0.47305595945795553,0.11692572242548042,0.9999999999999992,0.2683582421763439,0.016011644832605552,1.0645575209313245e-16,0.0,1.0
