num_points,area,perimeter,aspect_ratio,compactness,bounding_box_area,centroid_x,centroid_y,acute_angle_count,obtuse_angle_count
0.0,0.20750551764165337,0.5700356747104783,0.08753219054843307,0.5184776109498908,0.33000146043301387,0.5604075691411936,0.6217557596095472,1.0,0.0
