num_points,area,perimeter,aspect_ratio,is_convex,compactness,bounding_box_area,centroid_x,centroid_y,acute_angle_count,obtuse_angle_count
0.030303030303030304,0.19873905929305605,0.3673523400042641,0.09971072965085792,1.0,0.675980460899223,0.12594185007114642,0.1729144822863208,0.15042894231170587,0.2857142857142857,0.05555555555555555
