num_points,area,perimeter,aspect_ratio,compactness,bounding_box_area,centroid_x,centroid_y,acute_angle_count,obtuse_angle_count
0.9999999999999999,0.1253960080250374,0.2974079459439415,0.1169257224254804,0.9999999999999967,0.12667523510573117,0.011119197800420545,8.765110499698077e-17,0.0,1.0
