num_points,area,perimeter,aspect_ratio,compactness,bounding_box_area,centroid_x,centroid_y,acute_angle_count,obtuse_angle_count
0.06060606060606061,0.38478925310824713,0.6361489396144062,0.11066942819916023,0.850230112008827,0.4368674952674025,2.2121862628791724e-17,1.1781335738977604e-16,0.0,0.1388888888888889
