num_points,area,perimeter,aspect_ratio,compactness,bounding_box_area,centroid_x,centroid_y,acute_angle_count,obtuse_angle_count
0.030303030303030304,0.2849039751041054,0.6412381311313214,0.24268934514786566,0.5912248012801933,0.3560674435542933,0.24090861892950807,0.6088478411275378,0.6666666666666666,0.05555555555555555
