num_points,area,perimeter,aspect_ratio,compactness,bounding_box_area,centroid_x,centroid_y,acute_angle_count,obtuse_angle_count
0.9999999999999999,0.7544939050467347,0.856289065608047,0.11705713930782825,0.9999999999999983,0.754856418918919,1.169298453236134e-16,1.4345149733988275e-16,0.0,1.0
