num_points,area,perimeter,aspect_ratio,compactness,bounding_box_area,centroid_x,centroid_y,acute_angle_count,obtuse_angle_count
0.030303030303030304,0.027271542787362466,0.13231897943979648,0.1661794900786511,0.717176303035571,0.029485752552338228,0.1272334064214981,0.22550824613184056,0.6666666666666666,0.05555555555555555
