num_points,area,perimeter,aspect_ratio,compactness,bounding_box_area,centroid_x,centroid_y,acute_angle_count,obtuse_angle_count
0.0,0.015647559367972103,0.3893547242442106,0.7892847785221703,0.0,0.07199734714710694,0.7352323888832469,0.10588112854776596,0.6666666666666666,0.027777777777777776
