num_points,area,perimeter,aspect_ratio,compactness,bounding_box_area,centroid_x,centroid_y,acute_angle_count,obtuse_angle_count
0.9999999999999999,0.1253977530347093,0.2974132096393417,0.11705713930782825,0.999999999999999,0.12668918918918917,6.952585397620257e-17,1.0936904939033614e-16,0.0,1.0
