num_points,area,perimeter,aspect_ratio,is_convex,compactness,bounding_box_area,centroid_x,centroid_y,acute_angle_count,obtuse_angle_count
0.0,0.3864832725889526,0.5744231066761114,0.049188560796307554,1.0,0.5578446852895027,0.3351563690741266,0.34456388119362924,0.9823000868822239,0.42857142857142855,0.0
