num_points,area,perimeter,aspect_ratio,compactness,bounding_box_area,centroid_x,centroid_y,acute_angle_count,obtuse_angle_count
0.030303030303030304,0.07610967124508604,0.2544595758457625,0.11705713930782825,0.7605762327905327,0.05938555743243244,0.2802037845705968,0.3608247422680413,0.0,0.0
