num_points,area,perimeter,aspect_ratio,compactness,bounding_box_area,centroid_x,centroid_y,acute_angle_count,obtuse_angle_count
0.06060606060606061,0.12782586841541208,0.33082427550161686,0.11066942819916024,0.8503715163524801,0.147106030007885,3.981935273182511e-17,1.3622833408126934e-16,0.0,0.1388888888888889
