num_points,area,perimeter,aspect_ratio,compactness,bounding_box_area,centroid_x,centroid_y,acute_angle_count,obtuse_angle_count
0.9999999999999999,0.11503440367136891,0.28143994471539435,0.11692572242548042,0.9999999999999993,0.1163287860051946,0.010674429888403754,9.593047731945011e-17,0.0,1.0
