num_points,area,perimeter,aspect_ratio,compactness,bounding_box_area,centroid_x,centroid_y,acute_angle_count,obtuse_angle_count
0.030303030303030304,0.41929254245418995,0.8855911374966359,0.3265404958824421,0.46726025857102005,0.5757848718465896,0.19946468065183431,0.6691306063588582,0.6666666666666666,0.05555555555555555
