num_points,area,perimeter,aspect_ratio,compactness,bounding_box_area,centroid_x,centroid_y,acute_angle_count,obtuse_angle_count
0.0,0.17400888094319122,0.5089604238486414,0.1672177623207797,0.5319150454875814,0.2775855928097009,0.5929273439174932,0.42696624043308035,1.0,0.0
