num_points,area,perimeter,aspect_ratio,compactness,bounding_box_area,centroid_x,centroid_y,acute_angle_count,obtuse_angle_count
0.030303030303030304,0.2729933988591481,0.5649460704719919,0.07522637555576761,0.7284026317196719,0.2135913821057792,0.42430858806404653,0.8041237113402061,0.0,0.0
