num_points,area,perimeter,aspect_ratio,compactness,bounding_box_area,centroid_x,centroid_y,acute_angle_count,obtuse_angle_count
0.030303030303030304,0.06252997038816382,0.22394258649340218,0.11705713930782825,0.7607027265261427,0.04892375732913733,0.2561863173216885,0.3298969072164949,0.0,0.0
