num_points,area,perimeter,aspect_ratio,compactness,bounding_box_area,centroid_x,centroid_y,acute_angle_count,obtuse_angle_count
0.06060606060606061,0.07191807302368684,0.22901361826118619,0.11066942819916024,0.850230112008827,0.08357111700700799,7.047393380315079e-17,7.386226033245026e-17,0.0,0.1388888888888889
