num_points,area,perimeter,aspect_ratio,compactness,bounding_box_area,centroid_x,centroid_y,acute_angle_count,obtuse_angle_count
0.030303030303030304,0.07662175369623621,0.26463795887959296,0.16617949007865107,0.717176303035571,0.07989094640012888,0.19914794048582307,0.3529694287280982,0.6666666666666666,0.05555555555555555
