num_points,area,perimeter,aspect_ratio,compactness,bounding_box_area,centroid_x,centroid_y,acute_angle_count,obtuse_angle_count
0.030303030303030304,0.11832516889569376,0.33588664011640645,0.11705713930782825,0.7605762327905327,0.09232474662162163,0.34425036390101893,0.443298969072165,0.0,0.0
