num_points,area,perimeter,aspect_ratio,compactness,bounding_box_area,centroid_x,centroid_y,acute_angle_count,obtuse_angle_count
0.9999999999999999,0.23768196540867043,0.4411199570008625,0.1169257224254804,0.9999999999999981,0.23879695903195375,0.015122109008571923,1.3064489553274574e-16,0.0,1.0
