num_points,area,perimeter,aspect_ratio,compactness,bounding_box_area,centroid_x,centroid_y,acute_angle_count,obtuse_angle_count
0.030303030303030304,0.1550607702166553,0.49874076865769446,0.44835678822414854,0.4831688565939467,0.12098817567567567,0.7365356622998545,0.2680412371134021,0.0,0.0
