num_points,area,perimeter,aspect_ratio,compactness,bounding_box_area,centroid_x,centroid_y,acute_angle_count,obtuse_angle_count
0.030303030303030304,0.228802846193054,0.49878121537166853,0.11705713930782825,0.7607027265261427,0.17901647568161613,0.4723435225618631,0.6082474226804123,0.0,0.0
