num_points,area,perimeter,aspect_ratio,is_convex,compactness,bounding_box_area,centroid_x,centroid_y,acute_angle_count,obtuse_angle_count
0.21212121212121213,0.07395687733735501,0.33237749785359605,0.04889852071662894,0.0,0.2417274391097375,0.08270555752983048,0.18706603413903,0.20674968764355547,0.7142857142857142,0.1388888888888889
