num_points,area,perimeter,aspect_ratio,is_convex,compactness,bounding_box_area,centroid_x,centroid_y,acute_angle_count,obtuse_angle_count
0.15151515151515152,0.0066828503618091934,0.16003205396412706,0.0238033846655446,0.0,0.026906147294156663,0.02178456050373455,0.05593438444944431,0.11110631064375265,0.5714285714285714,0.1111111111111111
