num_points,area,perimeter,aspect_ratio,compactness,bounding_box_area,centroid_x,centroid_y,acute_angle_count,obtuse_angle_count
0.030303030303030304,0.044712437638652375,0.18322575258551085,0.15359287682340925,0.7343585086628248,0.04472736450901682,0.16993308308246172,0.2800853642858547,0.6666666666666666,0.05555555555555555
