num_points,area,perimeter,aspect_ratio,compactness,bounding_box_area,centroid_x,centroid_y,acute_angle_count,obtuse_angle_count
0.06060606060606061,0.27270035935027404,0.521642130483813,0.11066942819916026,0.8502301120088269,0.3102959133236674,5.625273639892754e-17,5.9211894646675e-17,0.0,0.1388888888888889
