num_points,area,perimeter,aspect_ratio,compactness,bounding_box_area,centroid_x,centroid_y,acute_angle_count,obtuse_angle_count
0.030303030303030304,0.02030193843771553,0.10179208476972826,0.11705713930782825,0.7607027265261427,0.015884336795174456,0.16011644832605534,0.20618556701030935,0.0,0.0
