num_points,area,perimeter,aspect_ratio,compactness,bounding_box_area,centroid_x,centroid_y,acute_angle_count,obtuse_angle_count
0.030303030303030304,0.05013090346009667,0.19338927764277944,0.11705713930782825,0.7605762327905327,0.039115287162162164,0.23216885007278024,0.2989690721649485,0.0,0.0
