num_points,area,perimeter,aspect_ratio,is_convex,compactness,bounding_box_area,centroid_x,centroid_y,acute_angle_count,obtuse_angle_count
0.030303030303030304,0.0011138083936348647,0.010204018379471942,0.023803384665544606,1.0,0.7269544213914632,0.00047357740225509803,0.0,0.0,0.0,0.0
