num_points,area,perimeter,aspect_ratio,is_convex,compactness,bounding_box_area,centroid_x,centroid_y,acute_angle_count,obtuse_angle_count
0.2727272727272727,0.06905612040536155,0.32652858814310237,0.032683202037466774,0.0,0.22937053242196662,0.07482522955630555,0.11939300910278323,0.18657643302850416,0.0,0.0
