num_points,area,perimeter,aspect_ratio,compactness,bounding_box_area,centroid_x,centroid_y,acute_angle_count,obtuse_angle_count
0.9999999999999999,0.06174615270964477,0.18563193734411362,0.11692572242548042,0.9999999999999991,0.06311847634529236,0.008005822416302806,1.0669167740142564e-16,0.0,1.0
