num_points,area,perimeter,aspect_ratio,compactness,bounding_box_area,centroid_x,centroid_y,acute_angle_count,obtuse_angle_count
0.06060606060606061,0.03094684706023251,0.12722978792288123,0.11066942819916024,0.850230112008827,0.03730611509195633,7.047393380315079e-17,8.851262601822552e-17,0.0,0.1388888888888889
