num_points,area,perimeter,aspect_ratio,is_convex,compactness,bounding_box_area,centroid_x,centroid_y,acute_angle_count,obtuse_angle_count
0.15151515151515152,0.0371566480116591,0.11539057533944506,0.04600292809534999,1.0,0.9446000324889228,0.022731715308244742,0.30207039603391495,0.22087361058619262,0.0,0.2222222222222222
