num_points,area,perimeter,aspect_ratio,compactness,bounding_box_area,centroid_x,centroid_y,acute_angle_count,obtuse_angle_count
0.06060606060606061,0.16130983876213265,0.3816893637686437,0.11066942819916023,0.8502301120088269,0.18451293936712074,6.762969432230613e-17,1.0316299170400078e-16,0.0,0.1388888888888889
