num_points,area,perimeter,aspect_ratio,compactness,bounding_box_area,centroid_x,centroid_y,acute_angle_count,obtuse_angle_count
0.9999999999999999,0.8866569621921191,0.9361284736035766,0.11705713930782825,0.9999999999999988,0.8868243243243243,6.636558788637518e-17,5.290409830974399e-17,0.0,1.0
