num_points,area,perimeter,aspect_ratio,compactness,bounding_box_area,centroid_x,centroid_y,acute_angle_count,obtuse_angle_count
0.030303030303030304,0.15510680966414664,0.49878121537166853,0.44835678822414854,0.48324921386908354,0.12135633311513284,0.7365356622998545,0.2680412371134021,0.0,0.0
