num_points,area,perimeter,aspect_ratio,compactness,bounding_box_area,centroid_x,centroid_y,acute_angle_count,obtuse_angle_count
0.030303030303030304,0.0809130371636648,0.26463795887959296,0.11705713930782825,0.7605762327905327,0.06313344594594596,0.28820960698689957,0.3711340206185567,0.0,0.0
