num_points,area,perimeter,aspect_ratio,compactness,bounding_box_area,centroid_x,centroid_y,acute_angle_count,obtuse_angle_count
0.9999999999999999,0.6802704942296562,0.8083839852574385,0.1169257224254804,0.9999999999999977,0.6807381420405864,0.0253517709849588,6.230571283074469e-17,0.0,1.0
