num_points,area,perimeter,aspect_ratio,compactness,bounding_box_area,centroid_x,centroid_y,acute_angle_count,obtuse_angle_count
0.06060606060606061,0.37151404169410607,0.6234765192145857,0.11066942819916023,0.8503715163524801,0.4230358683388567,3.981935273182511e-17,1.6552906545281986e-16,0.0,0.1388888888888889
