num_points,area,perimeter,aspect_ratio,compactness,bounding_box_area,centroid_x,centroid_y,acute_angle_count,obtuse_angle_count
0.9999999999999999,0.48043955312319114,0.664671974200517,0.11692572242548042,0.9999999999999994,0.4811994808159529,0.02134885977680745,8.49333519291814e-17,0.0,1.0
