num_points,area,perimeter,aspect_ratio,compactness,bounding_box_area,centroid_x,centroid_y,acute_angle_count,obtuse_angle_count
0.9999999999999999,0.04736868409607479,0.15370227524738903,0.11705713930782825,0.9999999999999972,0.04877533783783784,8.137685181305528e-17,9.537998493343267e-17,0.0,1.0
