num_points,area,perimeter,aspect_ratio,compactness,bounding_box_area,centroid_x,centroid_y,acute_angle_count,obtuse_angle_count
0.030303030303030304,0.0462884196379914,0.18322575258551085,0.11705713930782825,0.7607027265261426,0.03621628789299776,0.22416302765647744,0.2886597938144331,0.0,0.0
