num_points,area,perimeter,aspect_ratio,compactness,bounding_box_area,centroid_x,centroid_y,acute_angle_count,obtuse_angle_count
0.0,0.039774493612705124,0.21630818013567257,0.07772876938910961,0.4984071765222767,0.06753429899922982,0.24818049490538574,0.3049525661391555,1.0,0.0
