num_points,area,perimeter,aspect_ratio,compactness,bounding_box_area,centroid_x,centroid_y,acute_angle_count,obtuse_angle_count
0.030303030303030304,0.5473402602808106,0.8194262823963125,0.11280131377827078,0.760459084764645,0.42824171999790334,0.7125181950509462,0.9484536082474226,0.0,0.0
