num_points,area,perimeter,aspect_ratio,compactness,bounding_box_area,centroid_x,centroid_y,acute_angle_count,obtuse_angle_count
0.0,0.05006325041898992,0.2544595758457625,0.11084228297895067,0.4818878990126637,0.08340371621621623,0.2134885977680738,0.2886597938144331,0.6666666666666666,0.0
