num_points,area,perimeter,aspect_ratio,compactness,bounding_box_area,centroid_x,centroid_y,acute_angle_count,obtuse_angle_count
0.9999999999999999,0.014378818521445643,0.05788792751573943,0.1169257224254804,1.0,0.015820423314268143,0.004447679120168254,1.0870413279266904e-16,0.0,1.0
