num_points,area,perimeter,aspect_ratio,compactness,bounding_box_area,centroid_x,centroid_y,acute_angle_count,obtuse_angle_count
0.0,0.01715875108832894,0.15268812715459237,0.36030308436531644,0.37551647714460235,0.03214496194333802,0.3439538519596744,0.10799645378946897,0.6666666666666666,0.027777777777777776
