num_points,area,perimeter,aspect_ratio,compactness,bounding_box_area,centroid_x,centroid_y,acute_angle_count,obtuse_angle_count
0.030303030303030304,0.14854251623595194,0.46824358994075,0.02800190391285303,0.5228619507174685,0.11622039755135977,0.21615720524017468,0.8762886597938144,0.0,0.0
