num_points,area,perimeter,aspect_ratio,compactness,bounding_box_area,centroid_x,centroid_y,acute_angle_count,obtuse_angle_count
0.030303030303030304,0.2298582926724347,0.5191396323256142,0.17293558464517686,0.7072171321115616,0.24316285956185593,0.3213278630483815,0.5909407202880455,0.6666666666666666,0.05555555555555555
