num_points,area,perimeter,aspect_ratio,compactness,bounding_box_area,centroid_x,centroid_y,acute_angle_count,obtuse_angle_count
0.0,0.027739798769181045,0.358788001942525,1.0,0.09471889129562383,0.04856739125638542,0.668381226523614,0.07877220432919928,0.6666666666666666,0.027777777777777776
