num_points,area,perimeter,aspect_ratio,compactness,bounding_box_area,centroid_x,centroid_y,acute_angle_count,obtuse_angle_count
0.030303030303030304,0.17622082563937078,0.4275267560328587,0.11705713930782825,0.7607027265261427,0.1378760433821143,0.41630276564774377,0.5360824742268041,0.0,0.0
