num_points,area,perimeter,aspect_ratio,compactness,bounding_box_area,centroid_x,centroid_y,acute_angle_count,obtuse_angle_count
0.0,0.031185209212419834,0.19863976742676498,0.0,0.04655764896951986,0.02834121562361498,0.08811627368446395,0.1441896897533949,0.6666666666666666,0.027777777777777776
