num_points,area,perimeter,aspect_ratio,compactness,bounding_box_area,centroid_x,centroid_y,acute_angle_count,obtuse_angle_count
0.06060606060606061,0.039792907211432874,0.15267574550745747,0.11066942819916024,0.850230112008827,0.0472951495963425,6.478545484146148e-17,1.0316299170400078e-16,0.0,0.1388888888888889
