num_points,area,perimeter,aspect_ratio,compactness,bounding_box_area,centroid_x,centroid_y,acute_angle_count,obtuse_angle_count
0.030303030303030304,0.25147334411516964,0.5344084450410734,0.16384445393466138,0.7402121797728568,0.19675398510289427,0.5764192139737991,0.5463917525773196,0.0,0.0
