num_points,area,perimeter,aspect_ratio,is_convex,compactness,bounding_box_area,centroid_x,centroid_y,acute_angle_count,obtuse_angle_count
0.2727272727272727,0.05680422807537801,0.18614824086146792,0.04600292809534991,0.0,0.63625597833369,0.03315041815785689,0.1411132694644375,0.2449105402837627,0.0,0.3333333333333333
