num_points,area,perimeter,aspect_ratio,compactness,bounding_box_area,centroid_x,centroid_y,acute_angle_count,obtuse_angle_count
0.0,0.049558442870266665,0.284994724947254,0.14142793003698892,0.38508809348088957,0.11499819674944527,0.1280931586608443,0.3011532962227718,0.6666666666666666,0.027777777777777776
