num_points,area,perimeter,aspect_ratio,compactness,bounding_box_area,centroid_x,centroid_y,acute_angle_count,obtuse_angle_count
0.9999999999999999,0.028971586541437406,0.10579863045007135,0.11705713930782825,0.9999999999999981,0.030405405405405407,8.058678529059844e-17,9.131043890960621e-17,0.0,1.0
