num_points,area,perimeter,aspect_ratio,compactness,bounding_box_area,centroid_x,centroid_y,acute_angle_count,obtuse_angle_count
0.030303030303030304,0.13642902630144835,0.36645150517102176,0.11705713930782825,0.7607027265261427,0.10674274326357233,0.3682678311499272,0.4742268041237114,0.0,0.0
