num_points,area,perimeter,aspect_ratio,is_convex,compactness,bounding_box_area,centroid_x,centroid_y,acute_angle_count,obtuse_angle_count
0.9999999999999999,0.025623538099505072,0.08724871380791542,0.046002928095349976,1.0,0.9999999999999978,0.014207322067652968,0.14337403980712074,0.24612958832130977,0.0,1.0
