num_points,area,perimeter,aspect_ratio,is_convex,compactness,bounding_box_area,centroid_x,centroid_y,acute_angle_count,obtuse_angle_count
0.6363636363636364,0.17152649261976913,0.3772483017848819,0.04600292809534999,0.0,0.5362510378885476,0.13544313704495828,0.19046075044711966,0.33767055111217076,0.0,0.6666666666666666
