num_points,area,perimeter,aspect_ratio,compactness,bounding_box_area,centroid_x,centroid_y,acute_angle_count,obtuse_angle_count
0.030303030303030304,0.15560199454550924,0.4580272365223724,0.3345771108185436,0.5773663965353596,0.12141047297297299,0.6404657933042213,0.309278350515464,0.0,0.0
