num_points,area,perimeter,aspect_ratio,is_convex,compactness,bounding_box_area,centroid_x,centroid_y,acute_angle_count,obtuse_angle_count
0.1818181818181818,0.08186491693216244,0.2041891074063235,0.016033544465112685,1.0,0.8041812860994786,0.051146359443550615,0.17484777185062353,0.19276672519972612,0.0,0.25
