num_points,area,perimeter,aspect_ratio,compactness,bounding_box_area,centroid_x,centroid_y,acute_angle_count,obtuse_angle_count
0.0,0.021386831591468522,0.1348635751982541,0.13724741332839652,0.5564500142164808,0.03865342129628619,0.24818049490538577,0.18451400355544745,1.0,0.0
