num_points,area,perimeter,aspect_ratio,compactness,bounding_box_area,centroid_x,centroid_y,acute_angle_count,obtuse_angle_count
0.9999999999999999,0.42144184670128193,0.6167679705148769,0.1169257224254804,0.9999999999999977,0.4222880665496326,0.020014556040756946,9.756283082511005e-17,0.0,1.0
