num_points,area,perimeter,aspect_ratio,compactness,bounding_box_area,centroid_x,centroid_y,acute_angle_count,obtuse_angle_count
0.0,0.05469845877605737,0.34352042739177935,0.4462388493248312,0.29473183412426907,0.09063707900958637,0.7577177341096555,0.15610213271113443,0.6666666666666666,0.027777777777777776
