num_points,area,perimeter,aspect_ratio,compactness,bounding_box_area,centroid_x,centroid_y,acute_angle_count,obtuse_angle_count
0.030303030303030304,0.060229084031889396,0.4122579433173995,0.00249662097885151,0.21810520451947685,0.04712353249235089,0.08806404657933047,0.9278350515463917,0.0,0.0
