num_points,area,perimeter,aspect_ratio,compactness,bounding_box_area,centroid_x,centroid_y,acute_angle_count,obtuse_angle_count
0.9999999999999999,0.5872275163599795,0.7445119803432506,0.1169257224254804,1.0,0.5878312521582173,0.023572699336891528,2.3188760197702375e-17,0.0,1.0
