num_points,area,perimeter,aspect_ratio,compactness,bounding_box_area,centroid_x,centroid_y,acute_angle_count,obtuse_angle_count
0.030303030303030304,0.035517846581040145,0.15267574550745747,0.11705713930782825,0.7605762327905327,0.027713260135135136,0.20014556040756917,0.2577319587628867,0.0,0.0
