num_points,area,perimeter,aspect_ratio,compactness,bounding_box_area,centroid_x,centroid_y,acute_angle_count,obtuse_angle_count
0.030303030303030304,0.03220284756680973,0.14249736247362696,0.11705713930782825,0.7605762327905327,0.025126689189189193,0.1921397379912664,0.24742268041237117,0.0,0.0
