num_points,area,perimeter,aspect_ratio,compactness,bounding_box_area,centroid_x,centroid_y,acute_angle_count,obtuse_angle_count
0.030303030303030304,0.2750279525909385,0.6005733001413968,0.2081105364117609,0.6495050658266583,0.32207308530347317,0.28459206567178325,0.622152162810498,0.6666666666666666,0.05555555555555555
