num_points,area,perimeter,aspect_ratio,compactness,bounding_box_area,centroid_x,centroid_y,acute_angle_count,obtuse_angle_count
0.030303030303030304,0.1523998845391179,0.3918995263634538,0.1197761389517122,0.7606084675099711,0.11923842154244291,0.39228529839883547,0.4948453608247423,0.0,0.0
