num_points,area,perimeter,aspect_ratio,compactness,bounding_box_area,centroid_x,centroid_y,acute_angle_count,obtuse_angle_count
0.0,0.014590478331429877,0.1043284260967626,0.13724741332839657,0.5564500142164808,0.02804753586142609,0.2161572052401747,0.16070574503216392,1.0,0.0
