num_points,area,perimeter,aspect_ratio,compactness,bounding_box_area,centroid_x,centroid_y,acute_angle_count,obtuse_angle_count
0.030303030303030304,0.07426140349438166,0.27483862887826627,0.20811053641176092,0.6495050658266583,0.08883809360303385,0.15260733956313013,0.3336178264346149,0.6666666666666666,0.05555555555555555
