num_points,area,perimeter,aspect_ratio,is_convex,compactness,bounding_box_area,centroid_x,centroid_y,acute_angle_count,obtuse_angle_count
0.030303030303030304,0.10469798900167726,0.2857125146252147,0.17920018867418216,1.0,0.5419915290975137,0.0445162758119793,0.15362169722465815,0.1837950100390994,0.0,0.0
