num_points,area,perimeter,aspect_ratio,is_convex,compactness,bounding_box_area,centroid_x,centroid_y,acute_angle_count,obtuse_angle_count
0.0,0.10915322257621672,0.30757090590108693,0.046002928095349976,1.0,0.48587863273595433,0.0937683256465096,0.08304312230486277,0.14451850758399135,0.42857142857142855,0.0
