num_points,area,perimeter,aspect_ratio,is_convex,compactness,bounding_box_area,centroid_x,centroid_y,acute_angle_count,obtuse_angle_count
0.12121212121212122,0.007796658755444012,0.10699200385666509,0.046002928095350004,0.0,0.1836442018203948,0.0075772384360815554,0.15134224421722478,0.2943622775283104,0.5714285714285714,0.027777777777777776
