num_points,area,perimeter,aspect_ratio,compactness,bounding_box_area,centroid_x,centroid_y,acute_angle_count,obtuse_angle_count
0.06060606060606061,0.049584849570078866,0.1781361483470245,0.11066942819916022,0.8503715163524803,0.058513172216001094,5.688478961689302e-17,1.0692760270971883e-16,0.0,0.1388888888888889
