num_points,area,perimeter,aspect_ratio,compactness,bounding_box_area,centroid_x,centroid_y,acute_angle_count,obtuse_angle_count
0.030303030303030304,0.28498856659416155,0.641290134049288,0.24268934514786566,0.5913231296665862,0.3571509285937273,0.24090861892950804,0.6088478411275378,0.6666666666666666,0.05555555555555555
