num_points,area,perimeter,aspect_ratio,is_convex,compactness,bounding_box_area,centroid_x,centroid_y,acute_angle_count,obtuse_angle_count
0.0,0.8074245841293152,0.8501540000102599,0.06520241376846024,1.0,0.5532400062071096,0.716534410062895,0.3798440351803167,0.9818455373309646,0.42857142857142855,0.0
