num_points,area,perimeter,aspect_ratio,compactness,bounding_box_area,centroid_x,centroid_y,acute_angle_count,obtuse_angle_count
0.0,0.02139318160449042,0.13487451231988995,0.13724741332839652,0.5565425591027707,0.03877104059694286,0.24818049490538574,0.18451400355544748,1.0,0.0
