num_points,area,perimeter,aspect_ratio,is_convex,compactness,bounding_box_area,centroid_x,centroid_y,acute_angle_count,obtuse_angle_count
0.06060606060606061,0.10052120752554643,0.2244010845976876,0.05432775688152702,1.0,0.8435999173865907,0.06724799112022406,0.38917520084081675,0.38577146676023716,0.0,0.1388888888888889
