num_points,area,perimeter,aspect_ratio,compactness,bounding_box_area,centroid_x,centroid_y,acute_angle_count,obtuse_angle_count
0.030303030303030304,0.2513987007526575,0.5343651092761011,0.16384445393466138,0.7400890933154294,0.1961570945945946,0.5764192139737991,0.5463917525773196,0.0,0.0
