num_points,area,perimeter,aspect_ratio,compactness,bounding_box_area,centroid_x,centroid_y,acute_angle_count,obtuse_angle_count
0.9999999999999999,0.2827232251501276,0.48902396068650233,0.1169257224254804,0.9999999999999999,0.28377233981591876,0.016456412744622402,1.0275461904746787e-16,0.0,1.0
