num_points,area,perimeter,aspect_ratio,compactness,bounding_box_area,centroid_x,centroid_y,acute_angle_count,obtuse_angle_count
0.030303030303030304,0.11260808520119546,0.3257346712631305,0.11705713930782825,0.7607027265261426,0.08810512142390098,0.33624454148471616,0.4329896907216495,0.0,0.0
