num_points,area,perimeter,aspect_ratio,compactness,bounding_box_area,centroid_x,centroid_y,acute_angle_count,obtuse_angle_count
0.9999999999999999,0.5650249463231132,0.7285460128152004,0.11705713930782825,0.9999999999999981,0.5656672297297297,8.532718442533952e-17,9.970387758374829e-17,0.0,1.0
