num_points,area,perimeter,aspect_ratio,compactness,bounding_box_area,centroid_x,centroid_y,acute_angle_count,obtuse_angle_count
0.9999999999999999,0.06907420385802386,0.16409170173263676,0.08981555301843382,0.9999999999999998,0.037849864432394964,0.09120841834237599,0.08145671731515398,0.0,1.0
