num_points,area,perimeter,aspect_ratio,compactness,bounding_box_area,centroid_x,centroid_y,acute_angle_count,obtuse_angle_count
0.06060606060606061,0.218641336718031,0.45806438146377726,0.11066942819916022,0.8503715163524801,0.24993702565917886,5.688478961689302e-17,1.0692760270971883e-16,0.0,0.1388888888888889
