num_points,area,perimeter,aspect_ratio,compactness,bounding_box_area,centroid_x,centroid_y,acute_angle_count,obtuse_angle_count
0.9999999999999999,0.1964470093073363,0.3932159533152221,0.1169257224254804,0.999999999999998,0.1976223146522675,0.013787805272521466,9.138766262488702e-17,0.0,1.0
