num_points,area,perimeter,aspect_ratio,compactness,bounding_box_area,centroid_x,centroid_y,acute_angle_count,obtuse_angle_count
0.030303030303030304,0.22873493198189856,0.49874076865769446,0.11705713930782825,0.7605762327905327,0.17847339527027026,0.4723435225618631,0.6082474226804123,0.0,0.0
