num_points,area,perimeter,aspect_ratio,compactness,bounding_box_area,centroid_x,centroid_y,acute_angle_count,obtuse_angle_count
0.9999999999999999,0.7045885452637762,0.824351986485985,0.11692572242548037,0.9999999999999983,0.7050206246234783,0.025796538896975627,9.573918725249658e-17,0.0,1.0
