num_points,area,perimeter,aspect_ratio,is_convex,compactness,bounding_box_area,centroid_x,centroid_y,acute_angle_count,obtuse_angle_count
0.15151515151515152,0.042324718958124806,0.3195256570530673,0.046002928095349976,0.0,0.10742028126747002,0.033150418157856874,0.1402041179727302,0.248266920097385,0.5714285714285714,0.0
