num_points,area,perimeter,aspect_ratio,compactness,bounding_box_area,centroid_x,centroid_y,acute_angle_count,obtuse_angle_count
0.030303030303030304,0.33326007059700324,0.7226651954019654,0.26642900695366173,0.5531195099374789,0.4305679595154225,0.23164209590196033,0.6396865968313116,0.6666666666666666,0.05555555555555555
