num_points,area,perimeter,aspect_ratio,is_convex,compactness,bounding_box_area,centroid_x,centroid_y,acute_angle_count,obtuse_angle_count
0.12121212121212122,0.12251892329983503,0.2470521673242304,0.04600292809534999,1.0,0.87299096048225,0.0757723843608158,0.1851193845272023,0.1955004462588731,0.0,0.19444444444444442
