num_points,area,perimeter,aspect_ratio,compactness,bounding_box_area,centroid_x,centroid_y,acute_angle_count,obtuse_angle_count
0.06060606060606061,0.3583574417989831,0.6107525086183696,0.11066942819916023,0.8503715163524802,0.4081385574304001,4.5507831693514415e-17,1.3622833408126934e-16,0.0,0.1388888888888889
