num_points,area,perimeter,aspect_ratio,compactness,bounding_box_area,centroid_x,centroid_y,acute_angle_count,obtuse_angle_count
0.030303030303030304,0.18310341677903846,0.5394543007930165,0.301628955586306,0.5008573864806669,0.24762493742237163,0.14772561909586798,0.4592549197397165,0.6666666666666666,0.05555555555555555
