num_points,area,perimeter,aspect_ratio,compactness,bounding_box_area,centroid_x,centroid_y,acute_angle_count,obtuse_angle_count
0.030303030303030304,0.20545561698968112,0.46824358994075,0.11705713930782825,0.7607027265261426,0.1607494883671655,0.44832605531295483,0.577319587628866,0.0,0.0
