num_points,area,perimeter,aspect_ratio,compactness,bounding_box_area,centroid_x,centroid_y,acute_angle_count,obtuse_angle_count
0.030303030303030304,0.47783995769569776,0.763440635772962,0.0946034648293028,0.7528465995611431,0.37386434036908944,0.616448326055313,0.9587628865979381,0.0,0.0
