num_points,area,perimeter,aspect_ratio,is_convex,compactness,bounding_box_area,centroid_x,centroid_y,acute_angle_count,obtuse_angle_count
0.0,0.3501835029067752,0.6204489699979346,0.10289881881456937,1.0,0.4122767975088608,0.29873444850225883,0.15446798432426972,0.2858500483838562,0.2857142857142857,0.0
