num_points,area,perimeter,aspect_ratio,compactness,bounding_box_area,centroid_x,centroid_y,acute_angle_count,obtuse_angle_count
0.030303030303030304,0.058737115921028524,0.22392442674427096,0.1695162082457922,0.7122656138284874,0.06246989531146735,0.17278021079409092,0.3119236538059602,0.6666666666666666,0.05555555555555555
