num_points,area,perimeter,aspect_ratio,compactness,bounding_box_area,centroid_x,centroid_y,acute_angle_count,obtuse_angle_count
0.030303030303030304,0.45299447176395763,0.6530571762862051,0.27370058004448883,0.35664570896164444,0.38604390623898116,0.5777723311272053,0.45563671591458443,0.6666666666666666,0.05555555555555555
