num_points,area,perimeter,aspect_ratio,compactness,bounding_box_area,centroid_x,centroid_y,acute_angle_count,obtuse_angle_count
0.9999999999999999,0.15901835684612528,0.34531194962958156,0.1169257224254804,0.9999999999999989,0.16024840667685997,0.012453501536471009,1.1164754031549027e-16,0.0,1.0
