num_points,area,perimeter,aspect_ratio,compactness,bounding_box_area,centroid_x,centroid_y,acute_angle_count,obtuse_angle_count
0.0,0.08456630138342892,0.35624340618406747,0.16056113360997132,0.4649976969655203,0.13724662162162163,0.32023289665211063,0.309278350515464,0.6666666666666666,0.0
