num_points,area,perimeter,aspect_ratio,compactness,bounding_box_area,centroid_x,centroid_y,acute_angle_count,obtuse_angle_count
0.9999999999999999,0.03467910460210244,0.12175993242992664,0.1169257224254804,0.999999999999999,0.03609101747042137,0.006226750768235533,1.0928757151260455e-16,0.0,1.0
