num_points,area,perimeter,aspect_ratio,is_convex,compactness,bounding_box_area,centroid_x,centroid_y,acute_angle_count,obtuse_angle_count
0.9999999999999999,0.03460553555049,0.10645843190678587,0.046002928095349976,1.0,0.9999999999999996,0.01909464085892559,0.03711856959034132,0.08754190492179817,0.0,1.0
