num_points,area,perimeter,aspect_ratio,is_convex,compactness,bounding_box_area,centroid_x,centroid_y,acute_angle_count,obtuse_angle_count
0.06060606060606061,0.06682850361809219,0.178531943106776,0.06820247152515548,1.0,0.8268237736383669,0.04451627581197937,0.9778904582677063,0.9525940886951301,0.0,0.1388888888888889
