num_points,area,perimeter,aspect_ratio,compactness,bounding_box_area,centroid_x,centroid_y,acute_angle_count,obtuse_angle_count
0.030303030303030304,0.05705532697968789,0.23412179497037502,0.2125985417918953,0.6418829235696177,0.06960794344088564,0.13209606986899566,0.2946271992256338,0.6666666666666666,0.05555555555555555
