num_points,area,perimeter,aspect_ratio,is_convex,compactness,bounding_box_area,centroid_x,centroid_y,acute_angle_count,obtuse_angle_count
0.030303030303030304,0.042324718958124743,0.14536860144544517,0.0793022432400581,1.0,0.7279934546483654,0.02178456050373451,0.3810818638123848,0.2123747066577397,0.2857142857142857,0.05555555555555555
