num_points,area,perimeter,aspect_ratio,is_convex,compactness,bounding_box_area,centroid_x,centroid_y,acute_angle_count,obtuse_angle_count
0.9999999999999999,0.22062466651907547,0.3256248421229221,0.06460627936251571,1.0,0.9746017762849222,0.11998180375262024,0.4416104470117214,0.29221267542937984,0.0,1.0
