num_points,area,perimeter,aspect_ratio,compactness,bounding_box_area,centroid_x,centroid_y,acute_angle_count,obtuse_angle_count
0.06060606060606061,0.02303878960469795,0.10179208476972826,0.11066942819916022,0.8503715163524803,0.02845488117946905,4.5507831693514415e-17,1.1425278555260646e-16,0.0,0.1388888888888889
