num_points,area,perimeter,aspect_ratio,compactness,bounding_box_area,centroid_x,centroid_y,acute_angle_count,obtuse_angle_count
0.030303030303030304,0.029031771965933206,0.13232971020064674,0.11705713930782825,0.7607027265261427,0.02271460161709947,0.18413391557496364,0.23711340206185574,0.0,0.0
