num_points,area,perimeter,aspect_ratio,compactness,bounding_box_area,centroid_x,centroid_y,acute_angle_count,obtuse_angle_count
0.9999999999999999,0.29858422311801996,0.5049956704277181,0.11705713930782825,0.9999999999999988,0.29961993243243246,6.952585397620257e-17,1.012299573426832e-16,0.0,1.0
