num_points,area,perimeter,aspect_ratio,compactness,bounding_box_area,centroid_x,centroid_y,acute_angle_count,obtuse_angle_count
0.030303030303030304,0.2525805814861917,0.590346215962169,0.23200249669834858,0.6089777608347205,0.3102364235247533,0.2399735867568278,0.5811809786983797,0.6666666666666666,0.05555555555555555
