num_points,area,perimeter,aspect_ratio,compactness,bounding_box_area,centroid_x,centroid_y,acute_angle_count,obtuse_angle_count
0.06060606060606061,0.2959794650113276,0.5470880880683893,0.11066942819916023,0.8502301120088268,0.3365828462299468,5.625273639892754e-17,8.851262601822552e-17,0.0,0.1388888888888889
