num_points,area,perimeter,aspect_ratio,compactness,bounding_box_area,centroid_x,centroid_y,acute_angle_count,obtuse_angle_count
0.06060606060606061,0.13581921806327896,0.34352042739177935,0.11066942819916023,0.850230112008827,0.15572874783474483,7.331817328399544e-17,1.0316299170400078e-16,0.0,0.1388888888888889
