num_points,area,perimeter,aspect_ratio,compactness,bounding_box_area,centroid_x,centroid_y,acute_angle_count,obtuse_angle_count
0.030303030303030304,0.1833265040925712,0.43770596450983157,0.11705713930782825,0.7607027265261427,0.14343556126042534,0.42430858806404653,0.5463917525773196,0.0,0.0
