num_points,area,perimeter,aspect_ratio,compactness,bounding_box_area,centroid_x,centroid_y,acute_angle_count,obtuse_angle_count
0.030303030303030304,0.096134971412682,0.2951731079810844,0.11705713930782825,0.7605762327905325,0.07501055743243244,0.31222707423580787,0.4020618556701031,0.0,0.0
