num_points,area,perimeter,aspect_ratio,compactness,bounding_box_area,centroid_x,centroid_y,acute_angle_count,obtuse_angle_count
0.0,0.09423101959634335,0.2653044778662708,0.10993069930021519,0.42830009116667883,0.08107885739772133,0.26745959948828657,0.2375807485375948,1.0,0.0
