num_points,area,perimeter,aspect_ratio,compactness,bounding_box_area,centroid_x,centroid_y,acute_angle_count,obtuse_angle_count
0.030303030303030304,0.1978851452372237,0.4580272365223724,0.11705713930782825,0.7605762327905328,0.15440244932432431,0.44032023289665206,0.5670103092783505,0.0,0.0
