num_points,area,perimeter,aspect_ratio,compactness,bounding_box_area,centroid_x,centroid_y,acute_angle_count,obtuse_angle_count
0.030303030303030304,0.28444066855402816,0.7226651954019654,0.3356153110979449,0.4555915269268759,0.3934215418450929,0.15906387483370463,0.5478431066827947,0.6666666666666666,0.05555555555555555
