num_points,area,perimeter,aspect_ratio,compactness,bounding_box_area,centroid_x,centroid_y,acute_angle_count,obtuse_angle_count
0.0,0.01952263052393384,0.14759852291610598,0.24203651058136977,0.4478139709519477,0.03584398380901167,0.3808581843516341,0.13692280691314662,1.0,0.0
