num_points,area,perimeter,aspect_ratio,is_convex,compactness,bounding_box_area,centroid_x,centroid_y,acute_angle_count,obtuse_angle_count
0.15151515151515152,0.09133228827805888,0.21643848027853352,0.09928183232688288,1.0,0.8126267978252538,0.0416748113984487,0.2931983001858563,0.22459487616858348,0.0,0.2222222222222222
