num_points,area,perimeter,aspect_ratio,compactness,bounding_box_area,centroid_x,centroid_y,acute_angle_count,obtuse_angle_count
0.030303030303030304,0.020031245925212653,0.12724010596216034,0.34545310939407936,0.5675592995272574,0.015672545637905464,0.26419213973799127,0.12371134020618565,0.0,0.0
