num_points,area,perimeter,aspect_ratio,compactness,bounding_box_area,centroid_x,centroid_y,acute_angle_count,obtuse_angle_count
0.030303030303030304,0.24050656113447189,0.5496326838268469,0.24453395982108472,0.6651049430208814,0.18765836148648649,0.6804949053857351,0.443298969072165,0.0,0.0
