num_points,area,perimeter,aspect_ratio,compactness,bounding_box_area,centroid_x,centroid_y,acute_angle_count,obtuse_angle_count
0.9999999999999999,0.9710298000723973,0.9840319987714532,0.1169257224254804,0.9999999999999981,0.9710721729229894,0.030244218017143786,1.5436218835577266e-16,0.0,1.0
