num_points,area,perimeter,aspect_ratio,compactness,bounding_box_area,centroid_x,centroid_y,acute_angle_count,obtuse_angle_count
1.0,0.20579307825635879,0.35509983960562386,0.07476583362401619,0.9875721101691538,0.13921240090135553,0.29165252040243994,0.46424527302947494,0.6666666666666666,1.0
