num_points,area,perimeter,aspect_ratio,compactness,bounding_box_area,centroid_x,centroid_y,acute_angle_count,obtuse_angle_count
0.030303030303030304,0.004668059836365277,0.030535149101491493,0.11705713930782825,0.7605762327905327,0.0036423141891891893,0.10407569141193601,0.13402061855670108,0.0,0.0
