num_points,area,perimeter,aspect_ratio,compactness,bounding_box_area,centroid_x,centroid_y,acute_angle_count,obtuse_angle_count
0.06060606060606061,0.030956035559285243,0.12724010596216034,0.11066942819916024,0.8503715163524804,0.03741963464650491,4.8352071174359064e-17,1.0692760270971883e-16,0.0,0.1388888888888889
