num_points,area,perimeter,aspect_ratio,compactness,bounding_box_area,centroid_x,centroid_y,acute_angle_count,obtuse_angle_count
0.030303030303030304,0.18315778243277864,0.5394980492795598,0.301628955586306,0.5009406855887542,0.24837844050147867,0.14772561909586795,0.4592549197397165,0.6666666666666666,0.05555555555555555
