num_points,area,perimeter,aspect_ratio,is_convex,compactness,bounding_box_area,centroid_x,centroid_y,acute_angle_count,obtuse_angle_count
0.06060606060606061,0.10581179739531207,0.23218238734734437,0.0386030802854149,1.0,0.836290440669761,0.06724799112022402,0.1878206070097686,0.1839343142414071,0.0,0.1388888888888889
