num_points,area,perimeter,aspect_ratio,compactness,bounding_box_area,centroid_x,centroid_y,acute_angle_count,obtuse_angle_count
0.030303030303030304,0.45116248295182215,0.8549841748417619,0.26642900695366173,0.553119509937479,0.5816960173251281,0.26881922240474393,0.7423523469400405,0.6666666666666666,0.05555555555555555
