num_points,area,perimeter,aspect_ratio,compactness,bounding_box_area,centroid_x,centroid_y,acute_angle_count,obtuse_angle_count
0.030303030303030304,0.10156622328425201,0.33588664011640645,0.2125985417918953,0.641776187829104,0.12151190125613072,0.17212518195050952,0.383908168687947,0.6666666666666666,0.05555555555555555
