num_points,area,perimeter,aspect_ratio,compactness,bounding_box_area,centroid_x,centroid_y,acute_angle_count,obtuse_angle_count
0.0,0.07936304621993595,0.3995339327211834,0.14207881426715863,0.33918484712185204,0.20588701746825577,0.602802037845706,0.397607283757693,0.6666666666666666,0.027777777777777776
