num_points,area,perimeter,aspect_ratio,compactness,bounding_box_area,centroid_x,centroid_y,acute_angle_count,obtuse_angle_count
0.0,0.042350803732821206,0.23410280977810147,0.08442914358122096,0.4649976969655203,0.07136824324324324,0.1761280931586609,0.302405498281787,0.6666666666666666,0.0
