num_points,area,perimeter,aspect_ratio,compactness,bounding_box_area,centroid_x,centroid_y,acute_angle_count,obtuse_angle_count
0.0,0.075545724458529,0.30283145218994156,0.13724741332839652,0.5565425591027707,0.12350947398817895,0.42430858806404653,0.3154594254335069,1.0,0.0
