num_points,area,perimeter,aspect_ratio,compactness,bounding_box_area,centroid_x,centroid_y,acute_angle_count,obtuse_angle_count
0.030303030303030304,0.07206085641880017,0.26465942040129353,0.195407989100173,0.6709448782739873,0.08341755051140007,0.16186683105642313,0.33357304811103117,0.6666666666666666,0.05555555555555555
