num_points,area,perimeter,aspect_ratio,is_convex,compactness,bounding_box_area,centroid_x,centroid_y,acute_angle_count,obtuse_angle_count
0.030303030303030304,0.014479509117253223,0.135061080914348,0.5121933401212624,1.0,0.23718045819032732,0.006630083631571383,0.14159831021246758,0.16983983150966644,0.2857142857142857,0.05555555555555555
