num_points,area,perimeter,aspect_ratio,compactness,bounding_box_area,centroid_x,centroid_y,acute_angle_count,obtuse_angle_count
0.030303030303030304,0.029273150849992064,0.16285412854128797,0.25413437632658226,0.572597819611814,0.040152830707317934,0.08000059538345111,0.2112193772554101,0.6666666666666666,0.05555555555555555
