num_points,area,perimeter,aspect_ratio,compactness,bounding_box_area,centroid_x,centroid_y,acute_angle_count,obtuse_angle_count
0.0,0.0408497471897265,0.23155821401964385,0.08450158906806346,0.4557139830147544,0.07138410340939172,0.16537026928675405,0.302324927243723,0.6666666666666666,0.027777777777777776
