num_points,area,perimeter,aspect_ratio,compactness,bounding_box_area,centroid_x,centroid_y,acute_angle_count,obtuse_angle_count
0.9999999999999999,0.6098546553068275,0.7604817760134119,0.11705713930782825,0.999999999999999,0.6104307432432433,8.848745051516691e-17,1.1598206167905414e-16,0.0,1.0
