num_points,area,perimeter,aspect_ratio,compactness,bounding_box_area,centroid_x,centroid_y,acute_angle_count,obtuse_angle_count
0.030303030303030304,0.22979006517927142,0.5190975347253555,0.17293558464517686,0.7070995322478977,0.2424251789361366,0.3213278630483815,0.5909407202880455,0.6666666666666666,0.05555555555555555
