num_points,area,perimeter,aspect_ratio,compactness,bounding_box_area,centroid_x,centroid_y,acute_angle_count,obtuse_angle_count
0.030303030303030304,0.05006325041898992,0.2748163419134234,0.5458822260003814,0.4179296759210698,0.03906250000000001,0.4803493449781659,0.14432989690721656,0.0,0.0
