num_points,area,perimeter,aspect_ratio,compactness,bounding_box_area,centroid_x,centroid_y,acute_angle_count,obtuse_angle_count
0.9999999999999999,0.1361805350053863,0.31337594717248785,0.1169257224254804,0.9999999999999987,0.13744398825118762,0.01156396571243736,1.0124554255257866e-16,0.0,1.0
