num_points,area,perimeter,aspect_ratio,compactness,bounding_box_area,centroid_x,centroid_y,acute_angle_count,obtuse_angle_count
0.0,0.04116633540806193,0.21629063946889807,0.08684801519670829,0.517163606360987,0.06951984971910408,0.26419213973799127,0.2951127841463517,1.0,0.0
