num_points,area,perimeter,aspect_ratio,compactness,bounding_box_area,centroid_x,centroid_y,acute_angle_count,obtuse_angle_count
0.030303030303030304,0.1649179561069433,0.45806438146377726,0.2269183267969567,0.6176223824214274,0.20219256878595415,0.20050464615422756,0.4755348581133848,0.6666666666666666,0.05555555555555555
