num_points,area,perimeter,aspect_ratio,compactness,bounding_box_area,centroid_x,centroid_y,acute_angle_count,obtuse_angle_count
0.0,0.05102005690642031,0.3664217892178979,0.4053666066522822,0.2317796020194566,0.10820667995036987,0.7955684942584506,0.17789083519655993,0.6666666666666666,0.027777777777777776
