num_points,area,perimeter,aspect_ratio,compactness,bounding_box_area,centroid_x,centroid_y,acute_angle_count,obtuse_angle_count
0.030303030303030304,0.2719532275850302,0.6820069679571794,0.3095736495063943,0.4899004007022852,0.36964565034203173,0.1730125102715884,0.5514298404674515,0.6666666666666666,0.05555555555555555
