num_points,area,perimeter,aspect_ratio,compactness,bounding_box_area,centroid_x,centroid_y,acute_angle_count,obtuse_angle_count
0.030303030303030304,0.11084858386992678,0.4122579433173995,0.022890265565214778,0.4782320729450408,0.08672847890165253,0.17612809315866088,0.8144329896907216,0.0,0.0
