num_points,area,perimeter,aspect_ratio,compactness,bounding_box_area,centroid_x,centroid_y,acute_angle_count,obtuse_angle_count
0.06060606060606061,0.03980472221441222,0.15268812715459237,0.11066942819916024,0.8503715163524804,0.04743906499201561,4.266359221266976e-17,1.2157796839549409e-16,0.0,0.1388888888888889
