num_points,area,perimeter,aspect_ratio,is_convex,compactness,bounding_box_area,centroid_x,centroid_y,acute_angle_count,obtuse_angle_count
0.21212121212121213,0.12586034848073954,0.2535891541867547,0.06265258566770408,1.0,0.8548394200903172,0.07482522955630559,0.15461964269417322,0.2156124542314752,0.0,0.25
