num_points,area,perimeter,aspect_ratio,is_convex,compactness,bounding_box_area,centroid_x,centroid_y,acute_angle_count,obtuse_angle_count
0.2727272727272727,0.10469798900167712,0.2857125146252146,0.046002928095349976,0.0,0.5419915290975132,0.059670752684142424,0.1649135654483735,0.2154708473916171,0.0,0.0
