num_points,area,perimeter,aspect_ratio,compactness,bounding_box_area,centroid_x,centroid_y,acute_angle_count,obtuse_angle_count
0.030303030303030304,0.10438864242770467,0.3257082570825759,0.20967854653174578,0.6997513980374263,0.08145059121621623,0.42430858806404653,0.3195876288659794,0.0,0.0
