num_points,area,perimeter,aspect_ratio,compactness,bounding_box_area,centroid_x,centroid_y,acute_angle_count,obtuse_angle_count
0.0,0.09523755822363392,0.3486378903363193,0.13724741332839652,0.5565425591027706,0.15432344976681023,0.4723435225618631,0.3511718132184322,1.0,0.0
