num_points,area,perimeter,aspect_ratio,compactness,bounding_box_area,centroid_x,centroid_y,acute_angle_count,obtuse_angle_count
0.06060606060606061,0.12778792661021546,0.33079744859949123,0.11066942819916024,0.8502301120088269,0.14665975598207842,6.194121536061683e-17,1.1781335738977604e-16,0.0,0.1388888888888889
