num_points,area,perimeter,aspect_ratio,compactness,bounding_box_area,centroid_x,centroid_y,acute_angle_count,obtuse_angle_count
0.030303030303030304,0.05412243288539451,0.20356766067660995,0.11705713930782825,0.7605762327905327,0.042229729729729736,0.240174672489083,0.309278350515464,0.0,0.0
