num_points,area,perimeter,aspect_ratio,compactness,bounding_box_area,centroid_x,centroid_y,acute_angle_count,obtuse_angle_count
0.0,0.04397447671938304,0.27990553343033875,0.040925149279077894,0.34676628263551523,0.07390202702702703,0.13343037360504617,0.4123711340206186,0.6666666666666666,0.0
