num_points,area,perimeter,aspect_ratio,is_convex,compactness,bounding_box_area,centroid_x,centroid_y,acute_angle_count,obtuse_angle_count
0.9999999999999999,0.17714644127226042,0.40828545331351757,0.25372098794293263,0.0,0.4672212109107463,0.09638870243455111,0.32638470050615936,0.2196519487522423,0.0,0.9444444444444444
