num_points,area,perimeter,aspect_ratio,compactness,bounding_box_area,centroid_x,centroid_y,acute_angle_count,obtuse_angle_count
0.9999999999999999,0.9710298578737314,0.984032118400894,0.11705713930782825,0.999999999999999,0.9710726351351352,9.796824878464908e-17,4.374761975613445e-17,0.0,1.0
