num_points,area,perimeter,aspect_ratio,is_convex,compactness,bounding_box_area,centroid_x,centroid_y,acute_angle_count,obtuse_angle_count
0.09090909090909091,0.03394331079602243,0.11224195726545357,0.056308027932280486,1.0,0.8984419196814504,0.019558746713135546,0.379709447802348,0.21423013765693305,0.0,0.16666666666666666
