num_points,area,perimeter,aspect_ratio,compactness,bounding_box_area,centroid_x,centroid_y,acute_angle_count,obtuse_angle_count
0.9999999999999999,0.13618225849777257,0.3133810912384477,0.11705713930782825,0.9999999999999981,0.13745777027027026,8.216691833551213e-17,9.410825180098691e-17,0.0,1.0
