num_points,area,perimeter,aspect_ratio,is_convex,compactness,bounding_box_area,centroid_x,centroid_y,acute_angle_count,obtuse_angle_count
0.030303030303030304,0.532400412157465,0.612241102768317,0.09040201495496071,1.0,0.707136968645683,0.22636999827793725,0.20344345773684974,0.2092422321290436,0.0,0.0
