num_points,area,perimeter,aspect_ratio,compactness,bounding_box_area,centroid_x,centroid_y,acute_angle_count,obtuse_angle_count
0.06060606060606061,0.34533116901276123,0.5979800032375419,0.11066942819916023,0.8502301120088269,0.392311143991259,6.194121536061683e-17,1.1781335738977604e-16,0.0,0.1388888888888889
