num_points,area,perimeter,aspect_ratio,is_convex,compactness,bounding_box_area,centroid_x,centroid_y,acute_angle_count,obtuse_angle_count
0.2727272727272727,0.0857632463098845,0.2473723511382997,0.012703612950641947,0.0,0.579275368873092,0.04641058542099967,0.1105566895806032,0.18846907035592872,0.0,0.3333333333333333
