num_points,area,perimeter,aspect_ratio,compactness,bounding_box_area,centroid_x,centroid_y,acute_angle_count,obtuse_angle_count
0.9999999999999999,0.034681030610117985,0.12176651204917724,0.11705713930782825,0.9999999999999981,0.03610641891891892,7.110598702111626e-17,1.0326473035459644e-16,0.0,1.0
