num_points,area,perimeter,aspect_ratio,compactness,bounding_box_area,centroid_x,centroid_y,acute_angle_count,obtuse_angle_count
0.030303030303030304,0.0,0.0,0.11705713930782825,0.7607027265261426,0.0,0.0800582241630277,0.10309278350515473,0.0,0.0
