num_points,area,perimeter,aspect_ratio,compactness,bounding_box_area,centroid_x,centroid_y,acute_angle_count,obtuse_angle_count
0.030303030303030304,0.0011138083936348647,0.010204018379471942,0.04647343649550209,0.645685001552464,0.00047357740225509803,0.0,0.0,0.0,0.0
