num_points,area,perimeter,aspect_ratio,compactness,bounding_box_area,centroid_x,centroid_y,acute_angle_count,obtuse_angle_count
0.06060606060606061,0.29606734495039194,0.5471324556372894,0.11066942819916023,0.8503715163524802,0.3376070411823973,3.413087377013581e-17,1.0692760270971883e-16,0.0,0.1388888888888889
