num_points,area,perimeter,aspect_ratio,is_convex,compactness,bounding_box_area,centroid_x,centroid_y,acute_angle_count,obtuse_angle_count
0.030303030303030304,0.21162359479062412,0.3673446616609902,0.053819111781704426,1.0,0.7269544213914635,0.17443128112598805,0.1808211849380415,0.2056302086283174,0.2857142857142857,0.05555555555555555
