num_points,area,perimeter,aspect_ratio,compactness,bounding_box_area,centroid_x,centroid_y,acute_angle_count,obtuse_angle_count
0.030303030303030304,0.18853733495825153,0.47333319417923647,0.0553284987439766,0.675619182249478,0.14751254103785347,0.31222707423580787,0.7628865979381443,0.0,0.0
