num_points,area,perimeter,aspect_ratio,is_convex,compactness,bounding_box_area,centroid_x,centroid_y,acute_angle_count,obtuse_angle_count
0.2727272727272727,0.08966157568760653,0.22675413093217994,0.026023339008525135,0.0,0.7268369627769242,0.06535368151120362,0.12339739596331391,0.14924702570846804,0.14285714285714285,0.3055555555555555
