num_points,area,perimeter,aspect_ratio,compactness,bounding_box_area,centroid_x,centroid_y,acute_angle_count,obtuse_angle_count
0.06060606060606061,0.026873003569548127,0.1145068091305931,0.11066942819916024,0.8502301120088269,0.03270590183335745,7.047393380315079e-17,1.0316299170400078e-16,0.0,0.1388888888888889
