num_points,area,perimeter,aspect_ratio,compactness,bounding_box_area,centroid_x,centroid_y,acute_angle_count,obtuse_angle_count
0.06060606060606061,0.007318554814263109,0.03816893637686436,0.11066942819916022,0.8502301120088269,0.010624878192082797,7.900665224568474e-17,8.851262601822552e-17,0.0,0.1388888888888889
