num_points,area,perimeter,aspect_ratio,compactness,bounding_box_area,centroid_x,centroid_y,acute_angle_count,obtuse_angle_count
0.030303030303030304,0.0,0.0,0.08981555301843382,0.6914022088302156,0.0,0.04491210392010746,0.11034737949490897,0.0,0.0
