num_points,area,perimeter,aspect_ratio,compactness,bounding_box_area,centroid_x,centroid_y,acute_angle_count,obtuse_angle_count
0.030303030303030304,0.057183793266232075,0.29519704583221196,0.5346954846084018,0.4248416772828205,0.044740881973074714,0.5043668122270742,0.15463917525773205,0.0,0.0
