num_points,area,perimeter,aspect_ratio,compactness,bounding_box_area,centroid_x,centroid_y,acute_angle_count,obtuse_angle_count
0.06060606060606061,0.13585954445756684,0.34354828609783283,0.11066942819916023,0.8503715163524804,0.15620261808473024,5.119631065520371e-17,1.2157796839549409e-16,0.0,0.1388888888888889
