num_points,area,perimeter,aspect_ratio,compactness,bounding_box_area,centroid_x,centroid_y,acute_angle_count,obtuse_angle_count
0.030303030303030304,0.002977617637531611,0.020358416953945663,0.11705713930782825,0.7607027265261427,0.00232970272995892,0.09606986899563322,0.12371134020618565,0.0,0.0
