num_points,area,perimeter,aspect_ratio,is_convex,compactness,bounding_box_area,centroid_x,centroid_y,acute_angle_count,obtuse_angle_count
0.2727272727272727,0.07685277916080548,0.26778038789724357,0.001603841235739218,0.0,0.42839327566370333,0.04451627581197922,0.15400445784013675,0.26764983834652606,0.0,0.3333333333333333
