num_points,area,perimeter,aspect_ratio,compactness,bounding_box_area,centroid_x,centroid_y,acute_angle_count,obtuse_angle_count
0.030303030303030304,0.5028650545464217,0.7837354936049484,0.13639224788655852,0.7563587031473695,0.39236697635135137,0.7445414847161572,0.8350515463917525,0.0,0.0
