num_points,area,perimeter,aspect_ratio,compactness,bounding_box_area,centroid_x,centroid_y,acute_angle_count,obtuse_angle_count
0.030303030303030304,0.031158697714569257,0.16286733563156522,0.23200249669834855,0.609079041769557,0.04097192817802402,0.09175460670114009,0.22221625656114527,0.6666666666666666,0.05555555555555555
