num_points,area,perimeter,aspect_ratio,compactness,bounding_box_area,centroid_x,centroid_y,acute_angle_count,obtuse_angle_count
0.030303030303030304,0.2526555757636122,0.5903940916644239,0.23200249669834858,0.609079041769557,0.3111804483988649,0.23997358675682778,0.5811809786983797,0.6666666666666666,0.05555555555555555
