num_points,area,perimeter,aspect_ratio,is_convex,compactness,bounding_box_area,centroid_x,centroid_y,acute_angle_count,obtuse_angle_count
0.030303030303030304,0.01381122408107232,0.10612179114650831,0.3123974492530143,1.0,0.3707295917883008,0.005872359787963227,0.04339349989452455,0.0434434125253123,0.0,0.0
