num_points,area,perimeter,aspect_ratio,compactness,bounding_box_area,centroid_x,centroid_y,acute_angle_count,obtuse_angle_count
0.06060606060606061,0.09801976599814227,0.27992823311675274,0.11066942819916023,0.8503715163524801,0.11335636989669114,5.404055013604837e-17,1.2157796839549409e-16,0.0,0.1388888888888889
