num_points,area,perimeter,aspect_ratio,compactness,bounding_box_area,centroid_x,centroid_y,acute_angle_count,obtuse_angle_count
0.030303030303030304,0.06251140998263066,0.22392442674427096,0.11705713930782825,0.7605762327905327,0.04877533783783784,0.2561863173216885,0.3298969072164949,0.0,0.0
