num_points,area,perimeter,aspect_ratio,compactness,bounding_box_area,centroid_x,centroid_y,acute_angle_count,obtuse_angle_count
0.030303030303030304,0.04255376285614144,0.17303251157511848,0.11705713930782825,0.7605762327905327,0.03320312500000001,0.2161572052401747,0.2783505154639176,0.0,0.0
