num_points,area,perimeter,aspect_ratio,compactness,bounding_box_area,centroid_x,centroid_y,acute_angle_count,obtuse_angle_count
0.030303030303030304,0.1557158678172781,0.3969891306019402,0.11705713930782825,0.7607027265261427,0.12183286321898808,0.39228529839883547,0.5051546391752577,0.0,0.0
