num_points,area,perimeter,aspect_ratio,compactness,bounding_box_area,centroid_x,centroid_y,acute_angle_count,obtuse_angle_count
0.9999999999999999,0.3842246555534116,0.584831968057783,0.1169257224254804,0.9999999999999999,0.3851253105966849,0.0191250202167233,4.341321330606398e-17,0.0,1.0
