num_points,area,perimeter,aspect_ratio,compactness,bounding_box_area,centroid_x,centroid_y,acute_angle_count,obtuse_angle_count
0.030303030303030304,0.47769812325471334,0.7633787275372874,0.0946034648293028,0.7527214121845254,0.37273015202702703,0.616448326055313,0.9587628865979381,0.0,0.0
