num_points,area,perimeter,aspect_ratio,compactness,bounding_box_area,centroid_x,centroid_y,acute_angle_count,obtuse_angle_count
0.06060606060606061,0.012905540172915977,0.0636148939614406,0.11066942819916024,0.850230112008827,0.016933742089589837,7.474029302441776e-17,8.118744317533789e-17,0.0,0.1388888888888889
