num_points,area,perimeter,aspect_ratio,compactness,bounding_box_area,centroid_x,centroid_y,acute_angle_count,obtuse_angle_count
0.9999999999999999,0.09557996284407275,0.24950394225830105,0.1169257224254804,0.9999999999999972,0.09690279993888111,0.009784894064370107,1.0053493051939857e-16,0.0,1.0
