num_points,area,perimeter,aspect_ratio,compactness,bounding_box_area,centroid_x,centroid_y,acute_angle_count,obtuse_angle_count
0.030303030303030304,0.06692872371633553,0.23412179497037502,0.11705713930782825,0.7607027265261427,0.05236536363475845,0.26419213973799127,0.3402061855670104,0.0,0.0
