num_points,area,perimeter,aspect_ratio,compactness,bounding_box_area,centroid_x,centroid_y,acute_angle_count,obtuse_angle_count
0.9999999999999999,0.20976907204776707,0.40918395454376877,0.1169257224254804,0.9999999999999977,0.2109248920672431,0.014232573184538293,1.4364278740683629e-16,0.0,1.0
