num_points,area,perimeter,aspect_ratio,compactness,bounding_box_area,centroid_x,centroid_y,acute_angle_count,obtuse_angle_count
0.06060606060606061,0.17032285037753503,0.39444432848269706,0.11066942819916023,0.8503715163524803,0.1952256625882981,4.5507831693514415e-17,1.0692760270971883e-16,0.0,0.1388888888888889
