num_points,area,perimeter,aspect_ratio,compactness,bounding_box_area,centroid_x,centroid_y,acute_angle_count,obtuse_angle_count
0.06060606060606061,0.18895166438832864,0.4198923496751291,0.11066942819916023,0.8503715163524803,0.21631920015779427,5.119631065520371e-17,1.3622833408126934e-16,0.0,0.1388888888888889
