num_points,area,perimeter,aspect_ratio,compactness,bounding_box_area,centroid_x,centroid_y,acute_angle_count,obtuse_angle_count
0.030303030303030304,0.40434694055116754,0.6921861764341523,0.10738958501846313,0.7593907693025359,0.3163630411705579,0.6004366812227074,0.8350515463917525,0.0,0.0
