num_points,area,perimeter,aspect_ratio,compactness,bounding_box_area,centroid_x,centroid_y,acute_angle_count,obtuse_angle_count
0.030303030303030304,0.19422187772081187,0.5242292365641006,0.3424869279643878,0.5702418145570223,0.1519601553405023,0.7205240174672489,0.3402061855670104,0.0,0.0
