num_points,area,perimeter,aspect_ratio,compactness,bounding_box_area,centroid_x,centroid_y,acute_angle_count,obtuse_angle_count
0.06060606060606061,0.2614876089428562,0.5089604238486414,0.1106694281991602,0.8503715163524799,0.29845216206902,5.119631065520371e-17,1.3622833408126934e-16,0.0,0.1388888888888889
