num_points,area,perimeter,aspect_ratio,compactness,bounding_box_area,centroid_x,centroid_y,acute_angle_count,obtuse_angle_count
0.0,0.03976268758230489,0.21629063946889807,0.07772876938910961,0.4983242986996862,0.0673294209021675,0.24818049490538577,0.3049525661391555,1.0,0.0
