num_points,area,perimeter,aspect_ratio,is_convex,compactness,bounding_box_area,centroid_x,centroid_y,acute_angle_count,obtuse_angle_count
0.9999999999999999,0.06772691309733171,0.3753260102244527,0.648038300181609,0.0,0.14749443563272477,0.037013095455387675,0.30822165827939096,0.1770318631766586,0.0,0.9444444444444444
