num_points,area,perimeter,aspect_ratio,compactness,bounding_box_area,centroid_x,centroid_y,acute_angle_count,obtuse_angle_count
0.9999999999999999,0.729329518924577,0.8403199877145314,0.1169257224254804,0.9999999999999996,0.7297254112512901,0.026241306808992376,7.118163083472139e-17,0.0,1.0
