num_points,area,perimeter,aspect_ratio,compactness,bounding_box_area,centroid_x,centroid_y,acute_angle_count,obtuse_angle_count
0.030303030303030304,0.2718725052984419,0.6819516632666434,0.3095736495063943,0.4898189374320737,0.3685242601958142,0.17301251027158843,0.5514298404674515,0.6666666666666666,0.05555555555555555
