num_points,area,perimeter,aspect_ratio,is_convex,compactness,bounding_box_area,centroid_x,centroid_y,acute_angle_count,obtuse_angle_count
0.06060606060606061,0.10247037221440745,0.23067383232920657,0.07454519821938545,1.0,0.8170701604680265,0.06535368151120365,0.23483611816488725,0.2466067227717385,0.0,0.1388888888888889
