num_points,area,perimeter,aspect_ratio,compactness,bounding_box_area,centroid_x,centroid_y,acute_angle_count,obtuse_angle_count
0.030303030303030304,0.010553874412651931,0.06107029820298299,0.11705713930782825,0.7605762327905327,0.008234797297297298,0.1280931586608443,0.16494845360824748,0.0,0.0
