num_points,area,perimeter,aspect_ratio,compactness,bounding_box_area,centroid_x,centroid_y,acute_angle_count,obtuse_angle_count
0.030303030303030304,0.10441963669798353,0.3257346712631305,0.20967854653174578,0.6998677758106461,0.08169843891651395,0.42430858806404653,0.3195876288659794,0.0,0.0
