num_points,area,perimeter,aspect_ratio,compactness,bounding_box_area,centroid_x,centroid_y,acute_angle_count,obtuse_angle_count
0.9999999999999999,0.19644861255606746,0.39322049923397717,0.11705713930782825,0.999999999999997,0.19763513513513514,5.5304656571979316e-17,1.205603009558589e-16,0.0,1.0
