num_points,area,perimeter,aspect_ratio,compactness,bounding_box_area,centroid_x,centroid_y,acute_angle_count,obtuse_angle_count
0.06060606060606061,0.07808703602386602,0.2417365970534743,0.11066942819916024,0.8502301120088269,0.09053715422717205,7.047393380315079e-17,8.851262601822552e-17,0.0,0.1388888888888889
