num_points,area,perimeter,aspect_ratio,compactness,bounding_box_area,centroid_x,centroid_y,acute_angle_count,obtuse_angle_count
0.030303030303030304,0.031149449060493817,0.16285412854128797,0.23200249669834855,0.6089777608347205,0.04084763206771444,0.09175460670114012,0.22221625656114524,0.6666666666666666,0.05555555555555555
