num_points,area,perimeter,aspect_ratio,is_convex,compactness,bounding_box_area,centroid_x,centroid_y,acute_angle_count,obtuse_angle_count
0.0,0.278452098408716,0.5330385818040162,0.08511640937643562,1.0,0.44283831219142866,0.23773585593205965,0.14418673836998108,0.13557950265017776,0.2857142857142857,0.0
