num_points,area,perimeter,aspect_ratio,is_convex,compactness,bounding_box_area,centroid_x,centroid_y,acute_angle_count,obtuse_angle_count
0.15151515151515152,0.003341425180904585,0.09451375621477741,0.06820247152515539,0.0,0.0817096550483373,0.010418702849612178,0.08710052818031769,0.1213436876414882,0.5714285714285714,0.1111111111111111
