num_points,area,perimeter,aspect_ratio,compactness,bounding_box_area,centroid_x,centroid_y,acute_angle_count,obtuse_angle_count
0.030303030303030304,0.2617106212799598,0.6820069679571794,0.3265404958824421,0.46726025857102005,0.3608675390047854,0.15833794237310567,0.531165532882805,0.6666666666666666,0.05555555555555555
