num_points,area,perimeter,aspect_ratio,compactness,bounding_box_area,centroid_x,centroid_y,acute_angle_count,obtuse_angle_count
0.030303030303030304,0.17428005315321504,0.5089604238486414,0.2796798694443975,0.5329022174204099,0.2311414978311935,0.15893289650884543,0.4596772116355016,0.6666666666666666,0.05555555555555555
