num_points,area,perimeter,aspect_ratio,compactness,bounding_box_area,centroid_x,centroid_y,acute_angle_count,obtuse_angle_count
0.9999999999999999,0.04081339646166375,0.137734393648283,0.11705713930782825,0.9999999999999983,0.042229729729729736,8.848745051516691e-17,1.0224734384863983e-16,0.0,1.0
