num_points,area,perimeter,aspect_ratio,compactness,bounding_box_area,centroid_x,centroid_y,acute_angle_count,obtuse_angle_count
0.9999999999999999,0.06043748170797365,0.15128110747081702,0.08981555301843382,0.9999999999999998,0.03315041815785692,0.09909276065637448,0.09141808657189669,0.0,1.0
