num_points,area,perimeter,aspect_ratio,compactness,bounding_box_area,centroid_x,centroid_y,acute_angle_count,obtuse_angle_count
0.030303030303030304,0.002976733808696698,0.020356766067660986,0.11705713930782825,0.7605762327905327,0.0023226351351351357,0.09606986899563325,0.12371134020618563,0.0,0.0
