num_points,area,perimeter,aspect_ratio,compactness,bounding_box_area,centroid_x,centroid_y,acute_angle_count,obtuse_angle_count
0.9999999999999999,0.4406859421607366,0.632738723220565,0.11705713930782825,0.999999999999999,0.44151182432432434,8.216691833551213e-17,1.3632979179818642e-16,0.0,1.0
