num_points,area,perimeter,aspect_ratio,compactness,bounding_box_area,centroid_x,centroid_y,acute_angle_count,obtuse_angle_count
0.0,0.1611566060079319,0.48601778986540634,0.0976229037130106,0.5337893793013359,0.2567677773338683,0.5203784570596798,0.5248965132236639,1.0,0.0
