num_points,area,perimeter,aspect_ratio,compactness,bounding_box_area,centroid_x,centroid_y,acute_angle_count,obtuse_angle_count
0.030303030303030304,0.058266563316243566,0.21376337801642933,0.11705713930782825,0.7607027265261427,0.045588046602150684,0.24818049490538574,0.3195876288659794,0.0,0.0
