num_points,area,perimeter,aspect_ratio,compactness,bounding_box_area,centroid_x,centroid_y,acute_angle_count,obtuse_angle_count
1.0,0.015593317510888102,0.14285625731260737,1.0,0.0,0.006630083631571386,0.12095729897909822,0.04935489432605006,0.0,0.0
