num_points,area,perimeter,aspect_ratio,compactness,bounding_box_area,centroid_x,centroid_y,acute_angle_count,obtuse_angle_count
0.030303030303030304,0.1270901346200992,0.4529747772252908,0.4745464837906561,0.46442808995896073,0.09943594833779208,0.6885007278020379,0.23711340206185574,0.0,0.0
