num_points,area,perimeter,aspect_ratio,compactness,bounding_box_area,centroid_x,centroid_y,acute_angle_count,obtuse_angle_count
0.06060606060606061,0.3984075299199634,0.6488719184066943,0.11066942819916024,0.8502301120088269,0.452245351017576,7.331817328399544e-17,1.1781335738977604e-16,0.0,0.1388888888888889
