num_points,area,perimeter,aspect_ratio,is_convex,compactness,bounding_box_area,centroid_x,centroid_y,acute_angle_count,obtuse_angle_count
0.21212121212121213,0.018377838494975256,0.16416131974432435,0.023803384665544606,0.0,0.2044507079205609,0.021784560503734552,0.07115269820534845,0.14528080243361194,0.42857142857142855,0.1111111111111111
