num_points,area,perimeter,aspect_ratio,compactness,bounding_box_area,centroid_x,centroid_y,acute_angle_count,obtuse_angle_count
0.0,0.07246887543273134,0.29519704583221196,0.13724741332839657,0.5565425591027706,0.11869479027276779,0.41630276564774377,0.309507360802686,1.0,0.0
