num_points,area,perimeter,aspect_ratio,is_convex,compactness,bounding_box_area,centroid_x,centroid_y,acute_angle_count,obtuse_angle_count
0.0,0.031185209212419834,0.19863976742676498,0.0,1.0,0.26524922865903255,0.02834121562361498,0.04625640385386682,0.14163754477228074,0.2857142857142857,0.027777777777777776
