num_points,area,perimeter,aspect_ratio,compactness,bounding_box_area,centroid_x,centroid_y,acute_angle_count,obtuse_angle_count
0.030303030303030304,0.015154281207910465,0.08142706427064397,0.11705713930782825,0.7605762327905327,0.011824324324324327,0.14410480349344984,0.18556701030927839,0.0,0.0
