num_points,area,perimeter,aspect_ratio,compactness,bounding_box_area,centroid_x,centroid_y,acute_angle_count,obtuse_angle_count
0.030303030303030304,0.006494691946247342,0.040713532135322,0.11705713930782825,0.7605762327905327,0.005067567567567568,0.11208151382823878,0.14432989690721656,0.0,0.0
