num_points,area,perimeter,aspect_ratio,compactness,bounding_box_area,centroid_x,centroid_y,acute_angle_count,obtuse_angle_count
0.0,0.10915322257621672,0.30757090590108693,0.08981555301843382,0.48142064453539624,0.0937683256465096,0.1581932420804908,0.14712256418777947,1.0,0.0
