num_points,area,perimeter,aspect_ratio,compactness,bounding_box_area,centroid_x,centroid_y,acute_angle_count,obtuse_angle_count
0.030303030303030304,0.41944885486180744,0.7073976208512197,0.13271857725659977,0.7577351432685406,0.32728040540540543,0.6724890829694323,0.7731958762886597,0.0,0.0
