num_points,area,perimeter,aspect_ratio,compactness,bounding_box_area,centroid_x,centroid_y,acute_angle_count,obtuse_angle_count
1.0,0.45299447176395763,0.6530571762862051,0.27370058004448883,0.5158295770634765,0.38604390623898116,0.5777723311272053,0.45563671591458443,0.6666666666666666,1.0
