num_points,area,perimeter,aspect_ratio,compactness,bounding_box_area,centroid_x,centroid_y,acute_angle_count,obtuse_angle_count
0.9999999999999999,0.8593782266287838,0.9201599938572658,0.1169257224254804,0.9999999999999977,0.8595839050641468,0.028465146369076526,1.8035797210395372e-16,0.0,1.0
