num_points,area,perimeter,aspect_ratio,compactness,bounding_box_area,centroid_x,centroid_y,acute_angle_count,obtuse_angle_count
0.0,0.07324625182910283,0.3766001722517285,0.357552669827617,0.34858936964730625,0.11958139085793425,0.8013632974757693,0.19825244056765626,0.6666666666666666,0.027777777777777776
