num_points,area,perimeter,aspect_ratio,compactness,bounding_box_area,centroid_x,centroid_y,acute_angle_count,obtuse_angle_count
0.030303030303030304,0.04681590444586625,0.21374604371044045,0.03993642213584737,0.6046362560337364,0.03652871621621622,0.14410480349344984,0.45360824742268047,0.0,0.0
