num_points,area,perimeter,aspect_ratio,compactness,bounding_box_area,centroid_x,centroid_y,acute_angle_count,obtuse_angle_count
0.030303030303030304,0.07144161140872075,0.24428119281193197,0.11705713930782825,0.7605762327905327,0.05574324324324325,0.27219796215429404,0.3505154639175258,0.0,0.0
