num_points,area,perimeter,aspect_ratio,compactness,bounding_box_area,centroid_x,centroid_y,acute_angle_count,obtuse_angle_count
0.0,0.0702907672453864,0.3257082570825759,0.27535869681088804,0.4463928505720802,0.11496928055406026,0.6303927397475586,0.22050995119462932,0.6666666666666666,0.027777777777777776
