num_points,area,perimeter,aspect_ratio,compactness,bounding_box_area,centroid_x,centroid_y,acute_angle_count,obtuse_angle_count
0.030303030303030304,0.027279640043428026,0.13232971020064674,0.1661794900786511,0.7172955787974878,0.02957547536284853,0.12723340642149808,0.2255082461318406,0.6666666666666666,0.05555555555555555
