num_points,area,perimeter,aspect_ratio,compactness,bounding_box_area,centroid_x,centroid_y,acute_angle_count,obtuse_angle_count
0.030303030303030304,0.16236729865618355,0.40713532135321995,0.11705713930782825,0.7605762327905327,0.12668918918918917,0.40029112081513823,0.5154639175257733,0.0,0.0
