num_points,area,perimeter,aspect_ratio,is_convex,compactness,bounding_box_area,centroid_x,centroid_y,acute_angle_count,obtuse_angle_count
0.21212121212121213,0.06987989309329393,0.3136028779765517,0.049426738276066265,0.0,0.2595334748677772,0.08052515981210773,0.1272860839707982,0.12607124243707893,0.7142857142857142,0.1388888888888889
