num_points,area,perimeter,aspect_ratio,compactness,bounding_box_area,centroid_x,centroid_y,acute_angle_count,obtuse_angle_count
0.030303030303030304,0.1979438997677264,0.45806438146377726,0.11705713930782825,0.7607027265261428,0.15487228375295095,0.44032023289665206,0.5670103092783505,0.0,0.0
