num_points,area,perimeter,aspect_ratio,compactness,bounding_box_area,centroid_x,centroid_y,acute_angle_count,obtuse_angle_count
0.030303030303030304,0.4544927284923249,0.7481718230575027,0.08306964375927899,0.7408274378110994,0.3555973530546388,0.5684133915574964,0.9896907216494845,0.0,0.0
