num_points,area,perimeter,aspect_ratio,compactness,bounding_box_area,centroid_x,centroid_y,acute_angle_count,obtuse_angle_count
0.030303030303030304,0.19056752880202307,0.4478851729868044,0.11705713930782825,0.7607027265261426,0.1491009747173709,0.4323144104803493,0.5567010309278351,0.0,0.0
