num_points,area,perimeter,aspect_ratio,compactness,bounding_box_area,centroid_x,centroid_y,acute_angle_count,obtuse_angle_count
0.030303030303030304,0.11257466040162059,0.3257082570825759,0.11705713930782825,0.7605762327905327,0.08783783783783784,0.33624454148471616,0.4329896907216495,0.0,0.0
