num_points,area,perimeter,aspect_ratio,compactness,bounding_box_area,centroid_x,centroid_y,acute_angle_count,obtuse_angle_count
0.030303030303030304,0.1894285150988808,0.5547218753437622,0.4365864767683963,0.4919605127447624,0.14780405405405406,0.8005822416302765,0.2989690721649485,0.0,0.0
