num_points,area,perimeter,aspect_ratio,compactness,bounding_box_area,centroid_x,centroid_y,acute_angle_count,obtuse_angle_count
0.030303030303030304,0.06772223032627328,0.2544595758457625,0.19540798910017304,0.670833309955534,0.07831921945210078,0.15737053019374472,0.32430713010794693,0.6666666666666666,0.05555555555555555
