num_points,area,perimeter,aspect_ratio,compactness,bounding_box_area,centroid_x,centroid_y,acute_angle_count,obtuse_angle_count
0.06060606060606061,0.1441260806748565,0.3562722966940489,0.11066942819916024,0.8503715163524804,0.16556287538119413,3.981935273182511e-17,1.0692760270971883e-16,0.0,0.1388888888888889
