num_points,area,perimeter,aspect_ratio,compactness,bounding_box_area,centroid_x,centroid_y,acute_angle_count,obtuse_angle_count
0.0,0.1774904478680929,0.5140500280871277,0.09736784467758422,0.5335480110536379,0.283033583087057,0.5443959243085881,0.55038631465351,1.0,0.0
