num_points,area,perimeter,aspect_ratio,compactness,bounding_box_area,centroid_x,centroid_y,acute_angle_count,obtuse_angle_count
0.0,0.09471425754944039,0.40713532135321995,0.23125512435095383,0.4058819898005177,0.15308277027027026,0.40029112081513823,0.2749140893470791,0.6666666666666666,0.0
