num_points,area,perimeter,aspect_ratio,compactness,bounding_box_area,centroid_x,centroid_y,acute_angle_count,obtuse_angle_count
0.030303030303030304,0.13642902630144835,0.4835124026562093,0.5085930880271159,0.4414248165892095,0.10674274326357233,0.7365356622998545,0.23711340206185574,0.0,0.0
