num_points,area,perimeter,aspect_ratio,compactness,bounding_box_area,centroid_x,centroid_y,acute_angle_count,obtuse_angle_count
0.06060606060606061,0.016048219437158204,0.07633787275372875,0.11066942819916023,0.8502301120088268,0.020482478031937555,7.616241276484009e-17,9.583780886111315e-17,0.0,0.1388888888888889
