num_points,area,perimeter,aspect_ratio,compactness,bounding_box_area,centroid_x,centroid_y,acute_angle_count,obtuse_angle_count
0.030303030303030304,0.05824926839290584,0.21374604371044045,0.11705713930782825,0.7605762327905327,0.04544974662162163,0.24818049490538577,0.3195876288659794,0.0,0.0
