num_points,area,perimeter,aspect_ratio,is_convex,compactness,bounding_box_area,centroid_x,centroid_y,acute_angle_count,obtuse_angle_count
0.06060606060606061,0.1301774364002165,0.259064815615732,0.04942673827606624,1.0,0.8512367438155327,0.08052515981210775,0.18658438905792943,0.18795805367457913,0.0,0.1388888888888889
