num_points,area,perimeter,aspect_ratio,compactness,bounding_box_area,centroid_x,centroid_y,acute_angle_count,obtuse_angle_count
0.9999999999999999,0.5009513005171883,0.6806399754290641,0.1169257224254804,0.9999999999999987,0.501681226994566,0.021793627688824202,1.7534047068450372e-16,0.0,1.0
