num_points,area,perimeter,aspect_ratio,compactness,bounding_box_area,centroid_x,centroid_y,acute_angle_count,obtuse_angle_count
0.9999999999999999,0.402622981702866,0.6008029600223533,0.11705713930782825,0.9999999999999988,0.4035050675675676,7.584638615585735e-17,1.5616882866434045e-16,0.0,1.0
