num_points,area,perimeter,aspect_ratio,compactness,bounding_box_area,centroid_x,centroid_y,acute_angle_count,obtuse_angle_count
0.030303030303030304,0.240577970486929,0.5496772577565326,0.24453395982108472,0.6652155586372893,0.1882293910228173,0.6804949053857351,0.443298969072165,0.0,0.0
