num_points,area,perimeter,aspect_ratio,compactness,bounding_box_area,centroid_x,centroid_y,acute_angle_count,obtuse_angle_count
0.06060606060606061,0.10509079859068819,0.29262851222262687,0.11066942819916024,0.850230112008827,0.12102999639845606,7.900665224568474e-17,8.851262601822552e-17,0.0,0.1388888888888889
