num_points,area,perimeter,aspect_ratio,compactness,bounding_box_area,centroid_x,centroid_y,acute_angle_count,obtuse_angle_count
0.9999999999999999,0.05434689351335104,0.16967015684649475,0.11705713930782825,0.999999999999999,0.05574324324324325,8.374705138042583e-17,7.732137445270275e-17,0.0,1.0
