num_points,area,perimeter,aspect_ratio,compactness,bounding_box_area,centroid_x,centroid_y,acute_angle_count,obtuse_angle_count
0.030303030303030304,0.4191680863001782,0.8855193239432534,0.3265404958824421,0.4671825600252575,0.5740381192984872,0.19946468065183434,0.6691306063588582,0.6666666666666666,0.05555555555555555
