num_points,area,perimeter,aspect_ratio,is_convex,compactness,bounding_box_area,centroid_x,centroid_y,acute_angle_count,obtuse_angle_count
0.21212121212121213,0.07266485960073851,0.30653912513315434,0.05462157436809792,0.0,0.2902728201062065,0.07634067724352188,0.1112684379090364,0.21089700574802434,0.7142857142857142,0.1388888888888889
