num_points,area,perimeter,aspect_ratio,is_convex,compactness,bounding_box_area,centroid_x,centroid_y,acute_angle_count,obtuse_angle_count
0.15151515151515152,0.26508639768509745,0.40115780408884305,0.11260155838476613,1.0,0.7828061373394083,0.12028866017279502,0.2673646932922845,0.2605328946975527,0.0,0.2222222222222222
