num_points,area,perimeter,aspect_ratio,compactness,bounding_box_area,centroid_x,centroid_y,acute_angle_count,obtuse_angle_count
0.030303030303030304,0.1484984252293012,0.468205619556203,0.02800190391285303,0.5227750064236619,0.11586782094594596,0.2161572052401747,0.8762886597938144,0.0,0.0
