num_points,area,perimeter,aspect_ratio,is_convex,compactness,bounding_box_area,centroid_x,centroid_y,acute_angle_count,obtuse_angle_count
0.9999999999999999,0.10917700275982956,0.21531350113371855,0.046002928095349976,1.0,0.9999999999999991,0.059670752684142465,0.18097516962912663,0.22372592163740618,0.0,1.0
