num_points,area,perimeter,aspect_ratio,is_convex,compactness,bounding_box_area,centroid_x,centroid_y,acute_angle_count,obtuse_angle_count
0.21212121212121213,0.0707268329958137,0.3288578033588992,0.03759727572872468,0.0,0.23305241774135074,0.08685409557358509,0.19295164821038457,0.2432171755117868,0.7142857142857142,0.1388888888888889
