num_points,area,perimeter,aspect_ratio,compactness,bounding_box_area,centroid_x,centroid_y,acute_angle_count,obtuse_angle_count
0.9999999999999999,0.22351560665944217,0.4251562624321885,0.11705713930782825,0.9999999999999999,0.22466216216216217,5.372452352706563e-17,9.614302481290013e-17,0.0,1.0
