num_points,area,perimeter,aspect_ratio,is_convex,compactness,bounding_box_area,centroid_x,centroid_y,acute_angle_count,obtuse_angle_count
0.030303030303030304,0.05123518610720378,0.1747244845174422,0.1126015583847661,1.0,0.6394303498105923,0.02936179893981614,0.10056028596818711,0.10061142378118101,0.2857142857142857,0.05555555555555555
