num_points,area,perimeter,aspect_ratio,compactness,bounding_box_area,centroid_x,centroid_y,acute_angle_count,obtuse_angle_count
0.0,0.04086187598147794,0.23157699285113179,0.08450158906806346,0.45578977418675803,0.07160131958429788,0.16537026928675402,0.302324927243723,0.6666666666666666,0.027777777777777776
