num_points,area,perimeter,aspect_ratio,compactness,bounding_box_area,centroid_x,centroid_y,acute_angle_count,obtuse_angle_count
0.06060606060606061,0.30805964396984037,0.5598564662335055,0.11066942819916024,0.8503715163524803,0.3511860059927604,3.981935273182511e-17,7.762687133816831e-17,0.0,0.1388888888888889
