num_points,area,perimeter,aspect_ratio,compactness,bounding_box_area,centroid_x,centroid_y,acute_angle_count,obtuse_angle_count
0.0,0.08253671015022664,0.3460650231502369,0.10044652330155544,0.4784330849575661,0.13407939189189189,0.2561863173216885,0.37800687285223367,0.6666666666666666,0.0
