num_points,area,perimeter,aspect_ratio,is_convex,compactness,bounding_box_area,centroid_x,centroid_y,acute_angle_count,obtuse_angle_count
0.030303030303030304,0.14824344195922606,0.3469339310115612,0.18448091147619122,1.0,0.5406392684104002,0.07779550702324967,0.3260558537064836,0.2585467357411373,0.2857142857142857,0.05555555555555555
