num_points,area,perimeter,aspect_ratio,compactness,bounding_box_area,centroid_x,centroid_y,acute_angle_count,obtuse_angle_count
0.06060606060606061,0.23952763378327271,0.48347319410694867,0.11066942819916026,0.850230112008827,0.2728370339322193,6.762969432230613e-17,5.9211894646675e-17,0.0,0.1388888888888889
