num_points,area,perimeter,aspect_ratio,is_convex,compactness,bounding_box_area,centroid_x,centroid_y,acute_angle_count,obtuse_angle_count
0.9999999999999999,0.08306654505347821,0.18329730430226782,0.046002928095349976,1.0,0.9999999999999996,0.0454634306164895,0.15279245498555938,0.33360950625965996,0.0,1.0
