num_points,area,perimeter,aspect_ratio,compactness,bounding_box_area,centroid_x,centroid_y,acute_angle_count,obtuse_angle_count
0.030303030303030304,0.24645756036744812,0.5496772577565326,0.18751598623697713,0.6840276554471858,0.27341406048727657,0.3039719092246264,0.6027516421559428,0.6666666666666666,0.05555555555555555
