num_points,area,perimeter,aspect_ratio,compactness,bounding_box_area,centroid_x,centroid_y,acute_angle_count,obtuse_angle_count
0.06060606060606061,0.019429456890106687,0.08906807417351223,0.11066942819916023,0.8503715163524803,0.02436800827537917,5.546266987647069e-17,1.1425278555260646e-16,0.0,0.1388888888888889
