num_points,area,perimeter,aspect_ratio,is_convex,compactness,bounding_box_area,centroid_x,centroid_y,acute_angle_count,obtuse_angle_count
0.0,0.15816079189615065,0.3772483017848818,0.046002928095349935,1.0,0.48587863273595444,0.13544313704495828,0.11645455856392913,0.15201439687922155,0.42857142857142855,0.0
