num_points,area,perimeter,aspect_ratio,compactness,bounding_box_area,centroid_x,centroid_y,acute_angle_count,obtuse_angle_count
0.0,0.026513897975552668,0.24175620132810463,0.26300434639713155,0.25673402908604187,0.0784290722361823,0.5010310528869482,0.18777914943637802,0.6666666666666666,0.027777777777777776
