num_points,area,perimeter,aspect_ratio,compactness,bounding_box_area,centroid_x,centroid_y,acute_angle_count,obtuse_angle_count
0.0,0.044393572050471286,0.3257346712631305,0.4340148120805849,0.2539123932929156,0.07476227851595443,0.3842794759825327,0.1443298969072166,0.6666666666666666,0.0
