num_points,area,perimeter,aspect_ratio,is_convex,compactness,bounding_box_area,centroid_x,centroid_y,acute_angle_count,obtuse_angle_count
0.09090909090909091,0.23167214587605184,0.39223316977458994,0.1506579185501467,1.0,0.7029758337772265,0.11839435056377476,0.3818468676510199,0.25345088737180876,0.0,0.16666666666666666
