num_points,area,perimeter,aspect_ratio,compactness,bounding_box_area,centroid_x,centroid_y,acute_angle_count,obtuse_angle_count
0.030303030303030304,0.21310268046788733,0.47842279841772284,0.11705713930782825,0.7607027265261426,0.16673258856001455,0.4563318777292576,0.5876288659793815,0.0,0.0
