num_points,area,perimeter,aspect_ratio,compactness,bounding_box_area,centroid_x,centroid_y,acute_angle_count,obtuse_angle_count
0.0,0.1774377644161379,0.5140083432084402,0.09736784467758422,0.5334592898243168,0.2821749470640745,0.5443959243085881,0.55038631465351,1.0,0.0
