num_points,area,perimeter,aspect_ratio,compactness,bounding_box_area,centroid_x,centroid_y,acute_angle_count,obtuse_angle_count
0.9999999999999999,0.6098538768873782,0.7604799815717977,0.1169257224254804,0.999999999999999,0.6104245185614298,0.02401746724890834,5.86570076313675e-17,0.0,1.0
