num_points,area,perimeter,aspect_ratio,compactness,bounding_box_area,centroid_x,centroid_y,acute_angle_count,obtuse_angle_count
0.030303030303030304,0.05413850250057474,0.20358416953945654,0.11705713930782825,0.7607027265261426,0.04235823145379855,0.24017467248908297,0.309278350515464,0.0,0.0
