num_points,area,perimeter,aspect_ratio,compactness,bounding_box_area,centroid_x,centroid_y,acute_angle_count,obtuse_angle_count
0.0,0.0988027670635489,0.4275267560328587,0.05016974806828329,0.38548296057461867,0.15990232373808952,0.2081513828238719,0.5498281786941581,0.6666666666666666,0.0
