num_points,area,perimeter,aspect_ratio,compactness,bounding_box_area,centroid_x,centroid_y,acute_angle_count,obtuse_angle_count
0.030303030303030304,0.08902330829333926,0.3664217892178979,0.32654049588244216,0.4671825600252574,0.12500446201198148,0.09459149804107615,0.3173196689949225,0.6666666666666666,0.05555555555555555
