num_points,area,perimeter,aspect_ratio,compactness,bounding_box_area,centroid_x,centroid_y,acute_angle_count,obtuse_angle_count
0.06060606060606061,0.35825107265464595,0.61070298202983,0.11066942819916023,0.8502301120088268,0.4069003917542441,6.762969432230613e-17,1.1781335738977604e-16,0.0,0.1388888888888889
