num_points,area,perimeter,aspect_ratio,is_convex,compactness,bounding_box_area,centroid_x,centroid_y,acute_angle_count,obtuse_angle_count
0.030303030303030304,0.04101042505363574,0.3673514695549494,1.0,1.0,0.05236262708049816,0.023356856422317565,0.2852751500826092,0.13121036546755538,0.2857142857142857,0.05555555555555555
