num_points,area,perimeter,aspect_ratio,compactness,bounding_box_area,centroid_x,centroid_y,acute_angle_count,obtuse_angle_count
0.9999999999999999,0.6563760514220025,0.792417539211624,0.11705713930782825,0.9999999999999981,0.6568834459459459,4.7403991347410843e-17,1.475210433637092e-16,0.0,1.0
