num_points,area,perimeter,aspect_ratio,compactness,bounding_box_area,centroid_x,centroid_y,acute_angle_count,obtuse_angle_count
0.030303030303030304,0.16652694356033554,0.4173137043870505,0.14208328090673022,0.747104726428902,0.15341438777342614,0.3373969230923232,0.5177855196249753,0.6666666666666666,0.05555555555555555
