num_points,area,perimeter,aspect_ratio,compactness,bounding_box_area,centroid_x,centroid_y,acute_angle_count,obtuse_angle_count
0.030303030303030304,0.02300203397629267,0.11196221337213547,0.1301083375984712,0.758565494451587,0.017947635135135136,0.1761280931586609,0.20618556701030932,0.0,0.0
