num_points,area,perimeter,aspect_ratio,compactness,bounding_box_area,centroid_x,centroid_y,acute_angle_count,obtuse_angle_count
0.9999999999999999,0.014380785032587065,0.05789498565275372,0.11705713930782825,0.9999999999999986,0.01583614864864865,6.794572093128887e-17,9.283651866854113e-17,0.0,1.0
