num_points,area,perimeter,aspect_ratio,compactness,bounding_box_area,centroid_x,centroid_y,acute_angle_count,obtuse_angle_count
0.0,0.04166666666666688,0.05263157894736881,1.0,0.5731922398589093,0.04166666666666688,0.0,1.0000000000000002,0.0,0.0
0.0,1.0,0.9999999999999999,0.6923076923076943,1.0,1.0,1.0,0.5068146356512742,0.0,0.0
0.0,0.0,0.0,0.0,0.0,0.0,0.05805021080047845,0.0,0.0,0.0
