num_points,area,perimeter,aspect_ratio,compactness,bounding_box_area,centroid_x,centroid_y,acute_angle_count,obtuse_angle_count
0.030303030303030304,0.02597876778498937,0.12214059640596597,0.11705713930782825,0.7605762327905327,0.02027027027027027,0.1761280931586609,0.22680412371134026,0.0,0.0
