num_points,area,perimeter,aspect_ratio,is_convex,compactness,bounding_box_area,centroid_x,centroid_y,acute_angle_count,obtuse_angle_count
0.12121212121212122,0.13699843241708837,0.30757090590108693,0.1792001886741821,1.0,0.6369958481937341,0.07008945553375466,0.25813399824960676,0.22996525727991046,0.0,0.1388888888888889
