num_points,area,perimeter,aspect_ratio,compactness,bounding_box_area,centroid_x,centroid_y,acute_angle_count,obtuse_angle_count
0.030303030303030304,0.3725405703320799,0.6820069679571794,0.19669156955581896,0.7122375352724337,0.29147758019145126,0.7605531295487628,0.6082474226804123,0.0,0.0
