num_points,area,perimeter,aspect_ratio,compactness,bounding_box_area,centroid_x,centroid_y,acute_angle_count,obtuse_angle_count
0.030303030303030304,0.11829262796375581,0.3766307136479946,0.04191387642230841,0.6157661973183151,0.09255273572654983,0.22416302765647744,0.6804123711340206,0.0,0.0
