num_points,area,perimeter,aspect_ratio,is_convex,compactness,bounding_box_area,centroid_x,centroid_y,acute_angle_count,obtuse_angle_count
0.15151515151515152,0.19268885209883138,0.30757090590108677,0.04600292809535002,1.0,0.9392302791092935,0.0937683256465095,0.24751578194900853,0.2920901608380662,0.0,0.2222222222222222
