num_points,area,perimeter,aspect_ratio,compactness,bounding_box_area,centroid_x,centroid_y,acute_angle_count,obtuse_angle_count
0.9999999999999999,0.6802711321538877,0.8083854208107297,0.11705713930782825,0.9999999999999979,0.6807432432432433,9.480798269482169e-17,9.868649107779167e-17,0.0,1.0
