num_points,area,perimeter,aspect_ratio,compactness,bounding_box_area,centroid_x,centroid_y,acute_angle_count,obtuse_angle_count
0.030303030303030304,0.04627468011701231,0.183210894608949,0.11705713930782825,0.7605762327905327,0.03610641891891892,0.22416302765647747,0.2886597938144331,0.0,0.0
