num_points,area,perimeter,aspect_ratio,compactness,bounding_box_area,centroid_x,centroid_y,acute_angle_count,obtuse_angle_count
0.9999999999999999,0.17107330558415393,0.36128473603576505,0.11705713930782825,0.9999999999999997,0.17229729729729729,5.6884789616893e-17,1.271733132445769e-16,0.0,1.0
