num_points,area,perimeter,aspect_ratio,compactness,bounding_box_area,centroid_x,centroid_y,acute_angle_count,obtuse_angle_count
0.06060606060606061,0.1985564078198184,0.4325812789377962,0.11066942819916024,0.8502301120088269,0.2265720320171677,5.056425743723823e-17,8.851262601822552e-17,0.0,0.1388888888888889
