num_points,area,perimeter,aspect_ratio,compactness,bounding_box_area,centroid_x,centroid_y,acute_angle_count,obtuse_angle_count
0.9999999999999999,0.8060903625562927,0.8882248288062594,0.11705713930782825,0.999999999999997,0.8063766891891893,3.160266089827389e-17,1.5260797589349228e-16,0.0,1.0
