num_points,area,perimeter,aspect_ratio,compactness,bounding_box_area,centroid_x,centroid_y,acute_angle_count,obtuse_angle_count
0.030303030303030304,0.05764064829290083,0.2544595758457625,0.26016921876817845,0.5629636215448143,0.07660046496168949,0.10386582929098445,0.2804134912473607,0.6666666666666666,0.05555555555555555
