num_points,area,perimeter,aspect_ratio,compactness,bounding_box_area,centroid_x,centroid_y,acute_angle_count,obtuse_angle_count
0.9999999999999999,0.3486991549122621,0.5528959656006901,0.1169257224254804,0.9999999999999977,0.3496517708234168,0.018235484392689672,1.2661077409116095e-16,0.0,1.0
