num_points,area,perimeter,aspect_ratio,compactness,bounding_box_area,centroid_x,centroid_y,acute_angle_count,obtuse_angle_count
0.030303030303030304,0.1832720883581672,0.4376704704547114,0.11705713930782825,0.7605762327905327,0.14300042229729729,0.42430858806404653,0.5463917525773196,0.0,0.0
