num_points,area,perimeter,aspect_ratio,compactness,bounding_box_area,centroid_x,centroid_y,acute_angle_count,obtuse_angle_count
0.030303030303030304,0.1450481201328573,0.4122245128701352,0.04988185398834264,0.654091464713195,0.11317567567567569,0.26419213973799127,0.7010309278350515,0.0,0.0
