num_points,area,perimeter,aspect_ratio,compactness,bounding_box_area,centroid_x,centroid_y,acute_angle_count,obtuse_angle_count
0.030303030303030304,0.03131498480453376,0.1934049610624837,0.3265404958824421,0.46726025857102005,0.04664357650504447,0.059633770504156684,0.20004935654027728,0.6666666666666666,0.05555555555555555
