num_points,area,perimeter,aspect_ratio,is_convex,compactness,bounding_box_area,centroid_x,centroid_y,acute_angle_count,obtuse_angle_count
0.030303030303030304,0.06460088683082214,0.34693482897505623,0.5942428526378233,1.0,0.17419110159763593,0.03402937781644239,0.1950069989650751,0.12095614078439948,0.2857142857142857,0.05555555555555555
