num_points,area,perimeter,aspect_ratio,is_convex,compactness,bounding_box_area,centroid_x,centroid_y,acute_angle_count,obtuse_angle_count
0.06060606060606061,0.2572932607917942,0.3790228124695454,0.04942673827606622,1.0,0.8512367409395319,0.15873858184406103,0.48296851730679125,0.4894063424299299,0.0,0.1388888888888889
