num_points,area,perimeter,aspect_ratio,compactness,bounding_box_area,centroid_x,centroid_y,acute_angle_count,obtuse_angle_count
0.030303030303030304,0.27818930503092776,0.569989449894508,0.07689960610585003,0.7312626589897049,0.2170608108108108,0.4323144104803493,0.8041237113402061,0.0,0.0
