num_points,area,perimeter,aspect_ratio,compactness,bounding_box_area,centroid_x,centroid_y,acute_angle_count,obtuse_angle_count
0.030303030303030304,0.012790221215760783,0.07125445933880978,0.11705713930782825,0.7607027265261426,0.010007132180959907,0.13609898107714705,0.17525773195876296,0.0,0.0
