num_points,area,perimeter,aspect_ratio,compactness,bounding_box_area,centroid_x,centroid_y,acute_angle_count,obtuse_angle_count
0.030303030303030304,0.08525220729478221,0.3664217892178979,0.345123882405061,0.44382328686831585,0.12151948821704144,0.08615830551804746,0.3048271138719671,0.6666666666666666,0.05555555555555555
