num_points,area,perimeter,aspect_ratio,compactness,bounding_box_area,centroid_x,centroid_y,acute_angle_count,obtuse_angle_count
0.030303030303030304,0.04648831058920796,0.20356766067660995,0.2081105364117609,0.6493970626353867,0.05641783043157982,0.12373568072686231,0.27050094035239053,0.6666666666666666,0.05555555555555555
