num_points,area,perimeter,aspect_ratio,compactness,bounding_box_area,centroid_x,centroid_y,acute_angle_count,obtuse_angle_count
0.0,0.278452098408716,0.5330385818040162,0.16618023451121827,0.4006415235946076,0.23773585593205965,0.274668954811483,0.13802248870861955,0.6666666666666666,0.0
