num_points,area,perimeter,aspect_ratio,is_convex,compactness,bounding_box_area,centroid_x,centroid_y,acute_angle_count,obtuse_angle_count
0.030303030303030304,0.013521633898727247,0.10203402010222441,0.2815002063464677,1.0,0.3897870300321029,0.007642967190895372,0.07229625518170622,0.027308337733987935,0.2857142857142857,0.05555555555555555
