num_points,area,perimeter,aspect_ratio,is_convex,compactness,bounding_box_area,centroid_x,centroid_y,acute_angle_count,obtuse_angle_count
0.09090909090909091,0.14245609354589905,0.2652999880487953,0.05630802793228046,1.0,0.8984419196814495,0.08107645126607294,0.3911013938896679,0.28330898394119197,0.0,0.16666666666666666
