num_points,area,perimeter,aspect_ratio,compactness,bounding_box_area,centroid_x,centroid_y,acute_angle_count,obtuse_angle_count
0.030303030303030304,0.17422832262395388,0.5089191516915249,0.2796798694443975,0.5328136035771229,0.23044028628491933,0.15893289650884546,0.4596772116355016,0.6666666666666666,0.05555555555555555
