num_points,area,perimeter,aspect_ratio,compactness,bounding_box_area,centroid_x,centroid_y,acute_angle_count,obtuse_angle_count
0.9999999999999999,0.18354949817867797,0.37725261763487095,0.11705713930782825,0.9999999999999983,0.18475506756756757,9.796824878464908e-17,1.1598206167905414e-16,0.0,1.0
