num_points,area,perimeter,aspect_ratio,compactness,bounding_box_area,centroid_x,centroid_y,acute_angle_count,obtuse_angle_count
0.9999999999999999,0.5872283399235375,0.7445138944143062,0.11705713930782825,0.9999999999999981,0.5878378378378378,9.16477166049943e-17,0.0,0.0,1.0
