num_points,area,perimeter,aspect_ratio,compactness,bounding_box_area,centroid_x,centroid_y,acute_angle_count,obtuse_angle_count
0.06060606060606061,0.026880982494424138,0.11451609536594429,0.11066942819916024,0.8503715163524803,0.032805423303177636,4.8352071174359064e-17,1.2157796839549409e-16,0.0,0.1388888888888889
