num_points,area,perimeter,aspect_ratio,compactness,bounding_box_area,centroid_x,centroid_y,acute_angle_count,obtuse_angle_count
0.0,0.07513201871563377,0.338431235874864,0.06034262398800453,0.4476984479970435,0.1225241789665215,0.29621542940320233,0.4497256517770564,1.0,0.0
