num_points,area,perimeter,aspect_ratio,compactness,bounding_box_area,centroid_x,centroid_y,acute_angle_count,obtuse_angle_count
0.9999999999999999,0.18354786919358548,0.37724795208667494,0.11692572242548042,0.999999999999999,0.1847420412822118,0.01334303736050467,1.5155374675114374e-16,0.0,1.0
