num_points,area,perimeter,aspect_ratio,compactness,bounding_box_area,centroid_x,centroid_y,acute_angle_count,obtuse_angle_count
0.9999999999999999,0.4603518050639696,0.6487066048196711,0.11705713930782825,0.9999999999999983,0.4611486486486487,7.900665224568474e-17,1.4345149733988275e-16,0.0,1.0
