num_points,area,perimeter,aspect_ratio,compactness,bounding_box_area,centroid_x,centroid_y,acute_angle_count,obtuse_angle_count
0.030303030303030304,0.43034099447999313,0.7226651954019654,0.15382107815470974,0.7470609819526264,0.33577913851351354,0.7285298398835517,0.7319587628865979,0.0,0.0
