num_points,area,perimeter,aspect_ratio,compactness,bounding_box_area,centroid_x,centroid_y,acute_angle_count,obtuse_angle_count
0.030303030303030304,0.05135376047411185,0.24428119281193197,0.2796798694443975,0.532813603577123,0.07041327458692619,0.09006197468834577,0.26048375326011763,0.6666666666666666,0.05555555555555555
