num_points,area,perimeter,aspect_ratio,is_convex,compactness,bounding_box_area,centroid_x,centroid_y,acute_angle_count,obtuse_angle_count
0.030303030303030304,0.33191490130318946,0.46938484545570985,0.07930224324005805,1.0,0.7269544213914629,0.14112606587201945,0.1726029212641614,0.2267048745305782,0.0,0.0
