num_points,area,perimeter,aspect_ratio,compactness,bounding_box_area,centroid_x,centroid_y,acute_angle_count,obtuse_angle_count
0.030303030303030304,0.023249422911277972,0.13231897943979648,0.2269183267969567,0.6175196808540153,0.03089577195891033,0.08384739748267704,0.1988600315746882,0.6666666666666666,0.05555555555555555
