num_points,area,perimeter,aspect_ratio,is_convex,compactness,bounding_box_area,centroid_x,centroid_y,acute_angle_count,obtuse_angle_count
0.9999999999999999,0.17184210125507285,0.27934589479662014,0.04600292809534996,1.0,0.9999999999999991,0.09376832564650957,0.18315724164403832,0.37328020274027796,0.0,1.0
