num_points,area,perimeter,aspect_ratio,is_convex,compactness,bounding_box_area,centroid_x,centroid_y,acute_angle_count,obtuse_angle_count
0.2727272727272727,0.15704698350251559,0.3085964614151313,0.06265258566770401,0.0,0.7407335706710165,0.07482522955630554,0.18440862902819202,0.21286447314043389,0.0,0.3333333333333333
