num_points,area,perimeter,aspect_ratio,compactness,bounding_box_area,centroid_x,centroid_y,acute_angle_count,obtuse_angle_count
0.030303030303030304,0.058858145762866534,0.44275966197162675,0.0,0.1743502031828326,0.045924831081081086,0.08005822416302773,0.9999999999999999,0.0,0.0
