num_points,area,perimeter,aspect_ratio,compactness,bounding_box_area,centroid_x,centroid_y,acute_angle_count,obtuse_angle_count
0.030303030303030304,0.12424786323881903,0.3460930882170761,0.11705713930782825,0.7607027265261427,0.09721214118646766,0.3522561863173217,0.45360824742268047,0.0,0.0
