num_points,area,perimeter,aspect_ratio,compactness,bounding_box_area,centroid_x,centroid_y,acute_angle_count,obtuse_angle_count
0.030303030303030304,0.36830315578510964,0.6565057056820671,0.10858233522299518,0.7595777016348695,0.2873733108108108,0.5764192139737991,0.7938144329896907,0.0,0.0
