num_points,area,perimeter,aspect_ratio,compactness,bounding_box_area,centroid_x,centroid_y,acute_angle_count,obtuse_angle_count
0.0,0.04117855819874447,0.21630818013567257,0.08684801519670829,0.517249617405863,0.06973139311763123,0.26419213973799127,0.2951127841463517,1.0,0.0
