num_points,area,perimeter,aspect_ratio,compactness,bounding_box_area,centroid_x,centroid_y,acute_angle_count,obtuse_angle_count
0.030303030303030304,0.0742393609161466,0.2748163419134234,0.20811053641176092,0.6493970626353865,0.08856858640693129,0.15260733956313016,0.3336178264346149,0.6666666666666666,0.05555555555555555
