num_points,area,perimeter,aspect_ratio,compactness,bounding_box_area,centroid_x,centroid_y,acute_angle_count,obtuse_angle_count
0.030303030303030304,0.008459141015714803,0.05089604238486414,0.11705713930782825,0.7607027265261426,0.006618473664656023,0.12008733624454151,0.15463917525773205,0.0,0.0
