num_points,area,perimeter,aspect_ratio,compactness,bounding_box_area,centroid_x,centroid_y,acute_angle_count,obtuse_angle_count
0.06060606060606061,0.332644056427487,0.5852570244452536,0.11066942819916024,0.8502301120088269,0.37798476555733684,6.194121536061683e-17,8.851262601822552e-17,0.0,0.1388888888888889
