num_points,area,perimeter,aspect_ratio,compactness,bounding_box_area,centroid_x,centroid_y,acute_angle_count,obtuse_angle_count
0.0,0.0,0.0,0.0,1.2212453270876722e-15,0.0,0.0,1.0,0.0,0.0
0.0,0.9999999999999999,0.9999999999999998,4.440892098500626e-16,0.0,0.9999999999999999,1.0,0.0,0.0,0.0
