num_points,area,perimeter,aspect_ratio,compactness,bounding_box_area,centroid_x,centroid_y,acute_angle_count,obtuse_angle_count
0.030303030303030304,0.10150969218857764,0.3053762543091848,0.11705713930782825,0.7607027265261426,0.07942168397587228,0.32023289665211063,0.4123711340206186,0.0,0.0
