num_points,area,perimeter,aspect_ratio,compactness,bounding_box_area,centroid_x,centroid_y,acute_angle_count,obtuse_angle_count
0.030303030303030304,0.08585170916445704,0.2748163419134234,0.11705713930782825,0.7605762327905327,0.06698690878378379,0.29621542940320233,0.3814432989690722,0.0,0.0
