num_points,area,perimeter,aspect_ratio,is_convex,compactness,bounding_box_area,centroid_x,centroid_y,acute_angle_count,obtuse_angle_count
0.030303030303030304,0.015593317510888102,0.08163214703577563,0.11260155838476607,1.0,0.6643214843183798,0.006630083631571386,0.030465925612627835,0.06556481464472977,0.0,0.0
