num_points,area,perimeter,aspect_ratio,compactness,bounding_box_area,centroid_x,centroid_y,acute_angle_count,obtuse_angle_count
0.030303030303030304,0.050078114813031635,0.27483862887826627,0.5458822260003814,0.41799918307058387,0.03918136409476365,0.4803493449781659,0.1443298969072166,0.0,0.0
