num_points,area,perimeter,aspect_ratio,compactness,bounding_box_area,centroid_x,centroid_y,acute_angle_count,obtuse_angle_count
0.9999999999999999,0.8866567360496674,0.9361279950858121,0.1169257224254804,1.0000000000000002,0.8868225159614778,0.02890991428109327,2.768694098950158e-16,0.0,1.0
