num_points,area,perimeter,aspect_ratio,compactness,bounding_box_area,centroid_x,centroid_y,acute_angle_count,obtuse_angle_count
0.0,0.2074439249920185,0.569989449894508,0.08753219054843307,0.5183913957076519,0.32900033845139565,0.5604075691411936,0.6217557596095472,1.0,0.0
