num_points,area,perimeter,aspect_ratio,compactness,bounding_box_area,centroid_x,centroid_y,acute_angle_count,obtuse_angle_count
0.030303030303030304,0.10019415387908659,0.31552987404874544,0.06587596954060111,0.7078257504898166,0.07817778716216217,0.24818049490538577,0.5257731958762887,0.0,0.0
