num_points,area,perimeter,aspect_ratio,compactness,bounding_box_area,centroid_x,centroid_y,acute_angle_count,obtuse_angle_count
0.030303030303030304,0.15566964758661597,0.3969569383193894,0.11705713930782825,0.7605762327905327,0.12146326013513516,0.39228529839883547,0.5051546391752577,0.0,0.0
