num_points,area,perimeter,aspect_ratio,is_convex,compactness,bounding_box_area,centroid_x,centroid_y,acute_angle_count,obtuse_angle_count
0.2727272727272727,0.08687705470351942,0.2233511034391401,0.04600292809535013,0.0,0.7224757018429642,0.05967075268414251,0.21407573376313596,0.21306475871028552,0.0,0.3333333333333333
